"","fixed acidity","volatile acidity","citric acid","sugar","chlorides","free sulfur","total sulfur","density","pH","sulphates","alcohol"
"1375",6.8,0.815,0,1.2,0.267,16,29,0.99471,3.32,0.51,9.8
"1044",9.5,0.39,0.41,8.9,0.069,18,39,0.99859,3.29,0.81,10.9
"796",10.8,0.89,0.3,2.6,0.132,7,60,0.99786,2.99,1.18,10.2
"379",11.4,0.625,0.66,6.2,0.088,6,24,0.9988,3.11,0.99,13.3
"585",11.8,0.33,0.49,3.4,0.093,54,80,1.0002,3.3,0.76,10.7
"396",12,0.37,0.76,4.2,0.066,7,38,1.0004,3.22,0.6,13
"918",6.8,0.41,0.31,8.8,0.084,26,45,0.99824,3.38,0.64,10.1
"924",6.8,0.41,0.31,8.8,0.084,26,45,0.99824,3.38,0.64,10.1
"691",7.4,1.185,0,4.25,0.097,5,14,0.9966,3.63,0.54,10.7
"39",5.7,1.13,0.09,1.5,0.172,7,19,0.994,3.5,0.48,9.8
"46",4.6,0.52,0.15,2.1,0.054,8,65,0.9934,3.9,0.56,13.1
"634",10.1,0.935,0.22,3.4,0.105,11,86,1.001,3.43,0.64,11.3
"1509",7.1,0.27,0.6,2.1,0.074,17,25,0.99814,3.38,0.72,10.6
"927",9.4,0.24,0.33,2.3,0.061,52,73,0.99786,3.47,0.9,10.2
"837",6.7,0.28,0.28,2.4,0.012,36,100,0.99064,3.26,0.39,11.7
"838",6.7,0.28,0.28,2.4,0.012,36,100,0.99064,3.26,0.39,11.7
"983",7.3,0.52,0.32,2.1,0.07,51,70,0.99418,3.34,0.82,12.9
"495",6.5,0.39,0.23,8.3,0.051,28,91,0.9952,3.44,0.55,12.1
"696",5.1,0.47,0.02,1.3,0.034,18,44,0.9921,3.9,0.62,12.8
"640",8.9,0.29,0.35,1.9,0.067,25,57,0.997,3.18,1.36,10.3
"416",8.6,0.725,0.24,6.6,0.117,31,134,1.0014,3.32,1.07,9.3
"1187",6.6,0.8,0.03,7.8,0.079,6,12,0.9963,3.52,0.5,12.2
"1229",5.1,0.42,0,1.8,0.044,18,88,0.99157,3.68,0.73,13.6
"199",5.4,0.835,0.08,1.2,0.046,13,93,0.9924,3.57,0.85,13
"685",9.8,0.98,0.32,2.3,0.078,35,152,0.998,3.25,0.48,9.4
"926",8.6,0.22,0.36,1.9,0.064,53,77,0.99604,3.47,0.87,11
"511",12.4,0.42,0.49,4.6,0.073,19,43,0.9978,3.02,0.61,9.5
"1296",6.6,0.63,0,4.3,0.093,51,77.5,0.99558,3.2,0.45,9.5
"1297",6.6,0.63,0,4.3,0.093,51,77.5,0.99558,3.2,0.45,9.5
"1313",8,1.18,0.21,1.9,0.083,14,41,0.99532,3.34,0.47,10.5
"410",12.5,0.46,0.49,4.5,0.07,26,49,0.9981,3.05,0.57,9.6
"494",8.7,0.69,0.31,3,0.086,23,81,1.0002,3.48,0.74,11.6
"500",8.7,0.69,0.31,3,0.086,23,81,1.0002,3.48,0.74,11.6
"1257",7.5,0.59,0.22,1.8,0.082,43,60,0.99499,3.1,0.42,9.2
"391",5.6,0.85,0.05,1.4,0.045,12,88,0.9924,3.56,0.82,12.9
"609",10.1,0.65,0.37,5.1,0.11,11,65,1.0026,3.32,0.64,10.4
"557",10.9,0.53,0.49,4.6,0.118,10,17,1.0002,3.07,0.56,11.7
"559",10.9,0.53,0.49,4.6,0.118,10,17,1.0002,3.07,0.56,11.7
"341",12.2,0.34,0.5,2.4,0.066,10,21,1,3.12,1.18,9.2
"456",11.3,0.62,0.67,5.2,0.086,6,19,0.9988,3.22,0.69,13.4
"502",10.4,0.44,0.73,6.55,0.074,38,76,0.999,3.17,0.85,12
"503",10.4,0.44,0.73,6.55,0.074,38,76,0.999,3.17,0.85,12
"1590",6.6,0.725,0.2,7.8,0.073,29,79,0.9977,3.29,0.54,9.2
"241",8.9,0.635,0.37,1.7,0.263,5,62,0.9971,3,1.09,9.3
"539",12.9,0.35,0.49,5.8,0.066,5,35,1.0014,3.2,0.66,12
"1359",7.4,0.64,0.17,5.4,0.168,52,98,0.99736,3.28,0.5,9.5
"143",5.2,0.34,0,1.8,0.05,27,63,0.9916,3.68,0.79,14
"145",5.2,0.34,0,1.8,0.05,27,63,0.9916,3.68,0.79,14
"1271",5,0.38,0.01,1.6,0.048,26,60,0.99084,3.7,0.75,14
"182",8.9,0.61,0.49,2,0.27,23,110,0.9972,3.12,1.02,9.3
"1270",5.5,0.49,0.03,1.8,0.044,28,87,0.9908,3.5,0.82,14
"1072",7.5,0.77,0.2,8.1,0.098,30,92,0.99892,3.2,0.58,9.2
"1075",7.5,0.77,0.2,8.1,0.098,30,92,0.99892,3.2,0.58,9.2
"1571",6.4,0.36,0.53,2.2,0.23,19,35,0.9934,3.37,0.93,12.4
"999",8.9,0.84,0.34,1.4,0.05,4,10,0.99554,3.12,0.48,9.1
"162",7.6,0.68,0.02,1.3,0.072,9,20,0.9965,3.17,1.08,9.2
"110",8.1,0.785,0.52,2,0.122,37,153,0.9969,3.21,0.69,9.3
"485",10.6,0.44,0.68,4.1,0.114,6,24,0.997,3.06,0.66,13.4
"701",10.6,1.02,0.43,2.9,0.076,26,88,0.9984,3.08,0.57,10.1
"1478",5.3,0.47,0.11,2.2,0.048,16,89,0.99182,3.54,0.88,13.6
"1091",10,0.26,0.54,1.9,0.083,42,74,0.99451,2.98,0.63,11.8
"1179",5.6,0.915,0,2.1,0.041,17,78,0.99346,3.68,0.73,11.4
"1476",5.3,0.47,0.11,2.2,0.048,16,89,0.99182,3.54,0.88,13.5666666666667
"803",5.1,0.585,0,1.7,0.044,14,86,0.99264,3.56,0.94,12.9
"545",14.3,0.31,0.74,1.8,0.075,6,15,1.0008,2.86,0.79,8.4
"711",10.6,1.025,0.43,2.8,0.08,21,84,0.9985,3.06,0.57,10.1
"1155",6.6,0.58,0,2.2,0.1,50,63,0.99544,3.59,0.68,11.4
"15",8.9,0.62,0.18,3.8,0.176,52,145,0.9986,3.16,0.88,9.2
"890",10.7,0.9,0.34,6.6,0.112,23,99,1.00289,3.22,0.68,9.3
"80",8.3,0.625,0.2,1.5,0.08,27,119,0.9972,3.16,1.12,9.1
"1078",8.6,0.37,0.65,6.4,0.08,3,8,0.99817,3.27,0.58,11
"1079",8.6,0.37,0.65,6.4,0.08,3,8,0.99817,3.27,0.58,11
"44",8.1,0.66,0.22,2.2,0.069,9,23,0.9968,3.3,1.2,10.3
"16",8.9,0.62,0.19,3.9,0.17,51,148,0.9986,3.17,0.93,9.2
"725",7.5,1.115,0.1,3.1,0.086,5,12,0.9958,3.54,0.6,11.2
"1086",6.8,0.48,0.08,1.8,0.074,40,64,0.99529,3.12,0.49,9.6
"148",7.6,0.49,0.26,1.6,0.236,10,88,0.9968,3.11,0.8,9.3
"47",7.7,0.935,0.43,2.2,0.114,22,114,0.997,3.25,0.73,9.2
"1208",9.9,0.72,0.55,1.7,0.136,24,52,0.99752,3.35,0.94,10
"654",9.4,0.33,0.59,2.8,0.079,9,30,0.9976,3.12,0.54,12
"1099",8,0.31,0.45,2.1,0.216,5,16,0.99358,3.15,0.81,12.5
"89",9.3,0.39,0.44,2.1,0.107,34,125,0.9978,3.14,1.22,9.5
"1176",6.5,0.61,0,2.2,0.095,48,59,0.99541,3.61,0.7,11.5
"822",4.9,0.42,0,2.1,0.048,16,42,0.99154,3.71,0.74,14
"121",7.3,1.07,0.09,1.7,0.178,10,89,0.9962,3.3,0.57,9
"1372",7.5,0.58,0.56,3.1,0.153,5,14,0.99476,3.21,1.03,11.6
"1158",5.1,0.51,0.18,2.1,0.042,16,101,0.9924,3.46,0.87,12.9
"1227",7.5,0.58,0.03,4.1,0.08,27,46,0.99592,3.02,0.47,9.2
"339",12.4,0.49,0.58,3,0.103,28,99,1.0008,3.16,1,11.5
"777",6.9,0.765,0.18,2.4,0.243,5.5,48,0.99612,3.4,0.6,10.3
"131",8,0.745,0.56,2,0.118,30,134,0.9968,3.24,0.66,9.4
"1471",10,0.69,0.11,1.4,0.084,8,24,0.99578,2.88,0.47,9.7
"430",12.8,0.84,0.63,2.4,0.088,13,35,0.9997,3.1,0.6,10.4
"1404",7.2,0.33,0.33,1.7,0.061,3,13,0.996,3.23,1.1,10
"132",5.6,0.5,0.09,2.3,0.049,17,99,0.9937,3.63,0.63,13
"133",5.6,0.5,0.09,2.3,0.049,17,99,0.9937,3.63,0.63,13
"202",8.8,0.37,0.48,2.1,0.097,39,145,0.9975,3.04,1.03,9.3
"1234",10.2,0.23,0.37,2.2,0.057,14,36,0.99614,3.23,0.49,9.3
"1483",7.2,0.58,0.54,2.1,0.114,3,9,0.99719,3.33,0.57,10.3
"269",6.9,0.54,0.04,3,0.077,7,27,0.9987,3.69,0.91,9.4
"277",6.9,0.54,0.04,3,0.077,7,27,0.9987,3.69,0.91,9.4
"569",9.8,0.5,0.49,2.6,0.25,5,20,0.999,3.31,0.79,10.7
"596",8.9,0.595,0.41,7.9,0.086,30,109,0.9998,3.27,0.57,9.3
"189",7.9,0.5,0.33,2,0.084,15,143,0.9968,3.2,0.55,9.5
"470",8.7,0.82,0.02,1.2,0.07,36,48,0.9952,3.2,0.58,9.8
"589",5,0.42,0.24,2,0.06,19,50,0.9917,3.72,0.74,14
"637",9.6,0.88,0.28,2.4,0.086,30,147,0.9979,3.24,0.53,9.4
"266",11.8,0.26,0.52,1.8,0.071,6,10,0.9968,3.2,0.72,10.2
"1438",6.8,0.915,0.29,4.8,0.07,15,39,0.99577,3.53,0.54,11.1
"1159",6.7,0.41,0.43,2.8,0.076,22,54,0.99572,3.42,1.16,10.6
"1427",7.7,0.23,0.37,1.8,0.046,23,60,0.9971,3.41,0.71,12.1
"773",9.5,0.57,0.27,2.3,0.082,23,144,0.99782,3.27,0.55,9.4
"268",7.9,0.35,0.46,3.6,0.078,15,37,0.9973,3.35,0.86,12.8
"190",7.9,0.49,0.32,1.9,0.082,17,144,0.9968,3.2,0.55,9.5
"1274",7.5,0.58,0.2,2,0.073,34,44,0.99494,3.1,0.43,9.3
"164",7.4,0.6,0.26,7.3,0.07,36,121,0.9982,3.37,0.49,9.4
"270",11.5,0.18,0.51,4,0.104,4,23,0.9996,3.28,0.97,10.1
"272",11.5,0.18,0.51,4,0.104,4,23,0.9996,3.28,0.97,10.1
"278",11.5,0.18,0.51,4,0.104,4,23,0.9996,3.28,0.97,10.1
"1076",9.1,0.25,0.34,2,0.071,45,67,0.99769,3.44,0.86,10.2
"146",8.1,0.67,0.55,1.8,0.117,32,141,0.9968,3.17,0.62,9.4
"1183",10.2,0.4,0.4,2.5,0.068,41,54,0.99754,3.38,0.86,10.5
"778",6.9,0.635,0.17,2.4,0.241,6,18,0.9961,3.4,0.59,10.3
"638",9.5,0.885,0.27,2.3,0.084,31,145,0.9978,3.24,0.53,9.4
"1390",6.7,0.48,0.02,2.2,0.08,36,111,0.99524,3.1,0.53,9.7
"50",5.6,0.31,0.37,1.4,0.074,12,96,0.9954,3.32,0.58,9.2
"165",7.3,0.59,0.26,7.2,0.07,35,121,0.9981,3.37,0.49,9.4
"1241",7.5,0.61,0.2,1.7,0.076,36,60,0.99494,3.1,0.4,9.3
"1288",8,0.6,0.08,2.6,0.056,3,7,0.99286,3.22,0.37,13
"394",8.4,0.665,0.61,2,0.112,13,95,0.997,3.16,0.54,9.1
"523",8.2,0.39,0.49,2.3,0.099,47,133,0.9979,3.38,0.99,9.8
"348",13.8,0.49,0.67,3,0.093,6,15,0.9986,3.02,0.93,12
"1567",6.7,0.16,0.64,2.1,0.059,24,52,0.99494,3.34,0.71,11.2
"772",9.4,0.685,0.26,2.4,0.082,23,143,0.9978,3.28,0.55,9.4
"732",8.9,0.875,0.13,3.45,0.088,4,14,0.9994,3.44,0.52,11.5
"917",5.3,0.715,0.19,1.5,0.161,7,62,0.99395,3.62,0.61,11
"854",9.3,0.36,0.39,1.5,0.08,41,55,0.99652,3.47,0.73,10.9
"855",9.3,0.36,0.39,1.5,0.08,41,55,0.99652,3.47,0.73,10.9
"857",9.3,0.36,0.39,1.5,0.08,41,55,0.99652,3.47,0.73,10.9
"1589",7.2,0.66,0.33,2.5,0.068,34,102,0.99414,3.27,0.78,12.8
"833",10.4,0.44,0.42,1.5,0.145,34,48,0.99832,3.38,0.86,9.9
"625",6.8,0.69,0,5.6,0.124,21,58,0.9997,3.46,0.72,10.2
"626",6.8,0.69,0,5.6,0.124,21,58,0.9997,3.46,0.72,10.2
"706",8.4,1.035,0.15,6,0.073,11,54,0.999,3.37,0.49,9.9
"692",9.2,0.92,0.24,2.6,0.087,12,93,0.9998,3.48,0.54,9.8
"1127",5.8,0.29,0.26,1.7,0.063,3,11,0.9915,3.39,0.54,13.5
"1112",5.4,0.42,0.27,2,0.092,23,55,0.99471,3.78,0.64,12.3
"1378",5.2,0.49,0.26,2.3,0.09,23,74,0.9953,3.71,0.62,12.2
"942",9.9,0.27,0.49,5,0.082,9,17,0.99484,3.19,0.52,12.5
"727",8.1,0.72,0.09,2.8,0.084,18,49,0.9994,3.43,0.72,11.1
"667",8.3,0.49,0.36,1.8,0.222,6,16,0.998,3.18,0.6,9.5
"279",10.3,0.32,0.45,6.4,0.073,5,13,0.9976,3.23,0.82,12.6
"531",9.1,0.22,0.24,2.1,0.078,1,28,0.999,3.41,0.87,10.3
"536",9.1,0.22,0.24,2.1,0.078,1,28,0.999,3.41,0.87,10.3
"1232",7.8,0.815,0.01,2.6,0.074,48,90,0.99621,3.38,0.62,10.8
"534",10.3,0.27,0.24,2.1,0.072,15,33,0.9956,3.22,0.66,12.8
"900",8.3,1.02,0.02,3.4,0.084,6,11,0.99892,3.48,0.49,11
"58",7.5,0.63,0.12,5.1,0.111,50,110,0.9983,3.26,0.77,9.4
"853",8,0.42,0.32,2.5,0.08,26,122,0.99801,3.22,1.07,9.7
"76",8.8,0.41,0.64,2.2,0.093,9,42,0.9986,3.54,0.66,10.5
"77",8.8,0.41,0.64,2.2,0.093,9,42,0.9986,3.54,0.66,10.5
"200",6.9,1.09,0.06,2.1,0.061,12,31,0.9948,3.51,0.43,11.4
"299",7.2,0.65,0.02,2.3,0.094,5,31,0.9993,3.67,0.8,9.7
"517",12.5,0.6,0.49,4.3,0.1,5,14,1.001,3.25,0.74,11.9
"231",5.2,0.48,0.04,1.6,0.054,19,106,0.9927,3.54,0.62,12.2
"920",8.4,0.62,0.12,1.8,0.072,38,46,0.99504,3.38,0.89,11.8
"923",8.4,0.62,0.12,1.8,0.072,38,46,0.99504,3.38,0.89,11.8
"1277",8.5,0.4,0.4,6.3,0.05,3,10,0.99566,3.28,0.56,12
"216",7,0.49,0.49,5.6,0.06,26,121,0.9974,3.34,0.76,10.5
"365",12.8,0.615,0.66,5.8,0.083,7,42,1.0022,3.07,0.73,10
"367",12.8,0.615,0.66,5.8,0.083,7,42,1.0022,3.07,0.73,10
"1409",8.1,0.29,0.36,2.2,0.048,35,53,0.995,3.27,1.01,12.4
"305",8.4,0.65,0.6,2.1,0.112,12,90,0.9973,3.2,0.52,9.2
"329",13.4,0.27,0.62,2.6,0.082,6,21,1.0002,3.16,0.67,9.7
"346",7,0.685,0,1.9,0.067,40,63,0.9979,3.6,0.81,9.9
"1167",9.9,0.54,0.26,2,0.111,7,60,0.99709,2.94,0.98,10.2
"911",9.3,0.38,0.48,3.8,0.132,3,11,0.99577,3.23,0.57,13.2
"1408",6,0.51,0,2.1,0.064,40,54,0.995,3.54,0.93,10.7
"1410",6,0.51,0,2.1,0.064,40,54,0.995,3.54,0.93,10.7
"372",7.9,0.24,0.4,1.6,0.056,11,25,0.9967,3.32,0.87,8.7
"267",8.1,0.87,0,3.3,0.096,26,61,1.00025,3.6,0.72,9.8
"1157",8.5,0.18,0.51,1.75,0.071,45,88,0.99524,3.33,0.76,11.8
"610",6.3,0.36,0.19,3.2,0.075,15,39,0.9956,3.56,0.52,12.7
"246",7.3,0.66,0,2,0.084,6,23,0.9983,3.61,0.96,9.9
"250",7.3,0.66,0,2,0.084,6,23,0.9983,3.61,0.96,9.9
"980",12.2,0.45,0.49,1.4,0.075,3,6,0.9969,3.13,0.63,10.4
"985",12.2,0.45,0.49,1.4,0.075,3,6,0.9969,3.13,0.63,10.4
"1177",6.5,0.88,0.03,5.6,0.079,23,47,0.99572,3.58,0.5,11.2
"1494",7.7,0.54,0.26,1.9,0.089,23,147,0.99636,3.26,0.59,9.7
"1497",7.7,0.54,0.26,1.9,0.089,23,147,0.99636,3.26,0.59,9.7
"489",11.6,0.32,0.55,2.8,0.081,35,67,1.0002,3.32,0.92,10.8
"1414",9.9,0.57,0.25,2,0.104,12,89,0.9963,3.04,0.9,10.1
"1185",6.7,0.64,0.23,2.1,0.08,11,119,0.99538,3.36,0.7,10.9
"1189",6.7,0.64,0.23,2.1,0.08,11,119,0.99538,3.36,0.7,10.9
"679",8.3,0.78,0.1,2.6,0.081,45,87,0.9983,3.48,0.53,10
"655",8.6,0.47,0.47,2.4,0.074,7,29,0.9979,3.08,0.46,9.5
"651",10.7,0.43,0.39,2.2,0.106,8,32,0.9986,2.89,0.5,9.6
"657",10.7,0.43,0.39,2.2,0.106,8,32,0.9986,2.89,0.5,9.6
"883",8.4,0.31,0.29,3.1,0.194,14,26,0.99536,3.22,0.78,12
"112",8.4,0.62,0.09,2.2,0.084,11,108,0.9964,3.15,0.66,9.8
"275",7.5,0.65,0.18,7,0.088,27,94,0.99915,3.38,0.77,9.4
"466",10,0.29,0.4,2.9,0.098,10,26,1.0006,3.48,0.91,9.7
"281",11.4,0.26,0.44,3.6,0.071,6,19,0.9986,3.12,0.82,9.3
"1468",6.7,1.04,0.08,2.3,0.067,19,32,0.99648,3.52,0.57,11
"567",8.7,0.7,0.24,2.5,0.226,5,15,0.9991,3.32,0.6,9
"568",8.7,0.7,0.24,2.5,0.226,5,15,0.9991,3.32,0.6,9
"1039",8.7,0.41,0.41,6.2,0.078,25,42,0.9953,3.24,0.77,12.6
"616",9.6,0.6,0.5,2.3,0.079,28,71,0.9997,3.5,0.57,9.7
"617",9.6,0.6,0.5,2.3,0.079,28,71,0.9997,3.5,0.57,9.7
"1262",6.3,1.02,0,2,0.083,17,24,0.99437,3.59,0.55,11.2
"1218",8.2,0.34,0.37,1.9,0.057,43,74,0.99408,3.23,0.81,12
"331",10.2,0.36,0.64,2.9,0.122,10,41,0.998,3.23,0.66,12.5
"332",10.2,0.36,0.64,2.9,0.122,10,41,0.998,3.23,0.66,12.5
"433",11.9,0.37,0.69,2.3,0.078,12,24,0.9958,3,0.65,12.8
"1461",6.4,0.42,0.09,2.3,0.054,34,64,0.99724,3.41,0.68,10.4
"254",7.7,0.775,0.42,1.9,0.092,8,86,0.9959,3.23,0.59,9.5
"1407",8.2,0.24,0.34,5.1,0.062,8,22,0.9974,3.22,0.94,10.9
"1413",8.2,0.24,0.34,5.1,0.062,8,22,0.9974,3.22,0.94,10.9
"375",14,0.41,0.63,3.8,0.089,6,47,1.0014,3.01,0.81,10.8
"422",6.6,0.84,0.03,2.3,0.059,32,48,0.9952,3.52,0.56,12.3
"426",6.6,0.84,0.03,2.3,0.059,32,48,0.9952,3.52,0.56,12.3
"1389",6.6,0.64,0.31,6.1,0.083,7,49,0.99718,3.35,0.68,10.3
"529",8.2,0.42,0.49,2.6,0.084,32,55,0.9988,3.34,0.75,8.7
"730",6.4,0.865,0.03,3.2,0.071,27,58,0.995,3.61,0.49,12.7
"336",11.9,0.695,0.53,3.4,0.128,7,21,0.9992,3.17,0.84,12.2
"636",8.7,0.84,0,1.4,0.065,24,33,0.9954,3.27,0.55,9.7
"308",10.3,0.41,0.42,2.4,0.213,6,14,0.9994,3.19,0.62,9.5
"1377",8.2,0.885,0.2,1.4,0.086,7,31,0.9946,3.11,0.46,10
"1204",9.9,0.74,0.19,5.8,0.111,33,76,0.99878,3.14,0.55,9.4
"1119",7.1,0.39,0.12,2.1,0.065,14,24,0.99252,3.3,0.53,13.3
"377",11.5,0.45,0.5,3,0.078,19,47,1.0003,3.26,1.11,11
"376",11.5,0.54,0.71,4.4,0.124,6,15,0.9984,3.01,0.83,11.8
"1332",7.8,0.87,0.26,3.8,0.107,31,67,0.99668,3.26,0.46,9.2
"468",8.8,0.46,0.45,2.6,0.065,7,18,0.9947,3.32,0.79,14
"460",11.6,0.58,0.66,2.2,0.074,10,47,1.0008,3.25,0.57,9
"563",9,0.54,0.49,2.9,0.094,41,110,0.9982,3.08,0.61,9.2
"658",12,0.5,0.59,1.4,0.073,23,42,0.998,2.92,0.68,10.5
"498",7.2,0.34,0.32,2.5,0.09,43,113,0.9966,3.32,0.79,11.1
"414",9.9,0.4,0.53,6.7,0.097,6,19,0.9986,3.27,0.82,11.7
"768",7.5,0.6,0.32,2.7,0.103,13,98,0.99938,3.45,0.62,9.5
"681",13.3,0.43,0.58,1.9,0.07,15,40,1.0004,3.06,0.49,9
"40",7.3,0.45,0.36,5.9,0.074,12,87,0.9978,3.33,0.83,10.5
"41",7.3,0.45,0.36,5.9,0.074,12,87,0.9978,3.33,0.83,10.5
"540",11.2,0.5,0.74,5.15,0.1,5,17,0.9996,3.22,0.62,11.2
"1479",7.1,0.875,0.05,5.7,0.082,3,14,0.99808,3.4,0.52,10.2
"21",8.9,0.22,0.48,1.8,0.077,29,60,0.9968,3.39,0.53,9.4
"1148",10,0.41,0.45,6.2,0.071,6,14,0.99702,3.21,0.49,11.8
"1235",7.1,0.75,0.01,2.2,0.059,11,18,0.99242,3.39,0.4,12.8
"1238",7.1,0.75,0.01,2.2,0.059,11,18,0.99242,3.39,0.4,12.8
"576",12.3,0.27,0.49,3.1,0.079,28,46,0.9993,3.2,0.8,10.2
"1423",7,0.54,0,2.1,0.079,39,55,0.9956,3.39,0.84,11.4
"544",11.2,0.66,0.24,2.5,0.085,16,53,0.9993,3.06,0.72,11
"997",5.6,0.66,0,2.2,0.087,3,11,0.99378,3.71,0.63,12.8
"998",5.6,0.66,0,2.2,0.087,3,11,0.99378,3.71,0.63,12.8
"1146",8.2,0.2,0.43,2.5,0.076,31,51,0.99672,3.53,0.81,10.4
"211",9.7,0.53,0.6,2,0.039,5,19,0.99585,3.3,0.86,12.4
"309",10.3,0.43,0.44,2.4,0.214,5,12,0.9994,3.19,0.63,9.5
"113",8.4,0.6,0.1,2.2,0.085,14,111,0.9964,3.15,0.66,9.8
"1144",7,0.22,0.3,1.8,0.065,16,20,0.99672,3.61,0.82,10
"1457",6,0.54,0.06,1.8,0.05,38,89,0.99236,3.3,0.5,10.55
"738",8.2,0.59,0,2.5,0.093,19,58,1.0002,3.5,0.65,9.3
"243",7.7,0.58,0.1,1.8,0.102,28,109,0.99565,3.08,0.49,9.8
"656",9.7,0.55,0.17,2.9,0.087,20,53,1.0004,3.14,0.61,9.4
"1121",7.9,0.54,0.34,2.5,0.076,8,17,0.99235,3.2,0.72,13.1
"62",7.7,0.69,0.49,1.8,0.115,20,112,0.9968,3.21,0.71,9.3
"235",8.2,1,0.09,2.3,0.065,7,37,0.99685,3.32,0.55,9
"240",8.2,1,0.09,2.3,0.065,7,37,0.99685,3.32,0.55,9
"193",6.8,0.63,0.12,3.8,0.099,16,126,0.9969,3.28,0.61,9.5
"10",7.5,0.5,0.36,6.1,0.071,17,102,0.9978,3.35,0.8,10.5
"12",7.5,0.5,0.36,6.1,0.071,17,102,0.9978,3.35,0.8,10.5
"1192",6.5,0.885,0,2.3,0.166,6,12,0.99551,3.56,0.51,10.8
"220",7.8,0.53,0.33,2.4,0.08,24,144,0.99655,3.3,0.6,9.5
"1021",11.3,0.36,0.66,2.4,0.123,3,8,0.99642,3.2,0.53,11.9
"1022",11.3,0.36,0.66,2.4,0.123,3,8,0.99642,3.2,0.53,11.9
"155",7.1,0.43,0.42,5.5,0.07,29,129,0.9973,3.42,0.72,10.5
"157",7.1,0.43,0.42,5.5,0.07,29,129,0.9973,3.42,0.72,10.5
"135",7.9,1.04,0.05,2.2,0.084,13,29,0.9959,3.22,0.55,9.9
"156",7.1,0.43,0.42,5.5,0.071,28,128,0.9973,3.42,0.71,10.5
"158",7.1,0.43,0.42,5.5,0.071,28,128,0.9973,3.42,0.71,10.5
"1000",6.4,0.69,0,1.65,0.055,7,12,0.99162,3.47,0.53,12.9
"126",9,0.62,0.04,1.9,0.146,27,90,0.9984,3.16,0.7,9.4
"35",5.2,0.32,0.25,1.8,0.103,13,50,0.9957,3.38,0.55,9.2
"1194",6.4,0.885,0,2.3,0.166,6,12,0.99551,3.56,0.51,10.8
"285",9.9,0.59,0.07,3.4,0.102,32,71,1.00015,3.31,0.71,9.8
"286",9.9,0.59,0.07,3.4,0.102,32,71,1.00015,3.31,0.71,9.8
"518",10.4,0.61,0.49,2.1,0.2,5,16,0.9994,3.16,0.63,8.4
"1430",7.9,0.18,0.4,2.2,0.049,38,67,0.996,3.33,0.93,11.3
"1068",11.1,0.31,0.53,2.2,0.06,3,10,0.99572,3.02,0.83,10.9
"1069",11.1,0.31,0.53,2.2,0.06,3,10,0.99572,3.02,0.83,10.9
"510",13.3,0.29,0.75,2.8,0.084,23,43,0.9986,3.04,0.68,11.4
"829",7.8,0.57,0.09,2.3,0.065,34,45,0.99417,3.46,0.74,12.7
"1505",7.5,0.38,0.57,2.3,0.106,5,12,0.99605,3.36,0.55,11.4
"1508",7.5,0.38,0.57,2.3,0.106,5,12,0.99605,3.36,0.55,11.4
"1301",5.2,0.645,0,2.15,0.08,15,28,0.99444,3.78,0.61,12.5
"368",10.4,0.575,0.61,2.6,0.076,11,24,1,3.16,0.69,9
"542",9.5,0.46,0.49,6.3,0.064,5,17,0.9988,3.21,0.73,11
"1585",6.7,0.32,0.44,2.4,0.061,24,34,0.99484,3.29,0.8,11.6
"1411",6.6,0.96,0,1.8,0.082,5,16,0.9936,3.5,0.44,11.9
"790",8.6,0.63,0.17,2.9,0.099,21,119,0.998,3.09,0.52,9.3
"524",9.3,0.4,0.49,2.5,0.085,38,142,0.9978,3.22,0.55,9.4
"1530",7.1,0.69,0.08,2.1,0.063,42,52,0.99608,3.42,0.6,10.2
"818",10.8,0.29,0.42,1.6,0.084,19,27,0.99545,3.28,0.73,11.9
"370",9.4,0.27,0.53,2.4,0.074,6,18,0.9962,3.2,1.13,12
"378",9.4,0.27,0.53,2.4,0.074,6,18,0.9962,3.2,1.13,12
"356",6.7,0.75,0.01,2.4,0.078,17,32,0.9955,3.55,0.61,12.8
"1169",6.5,0.34,0.27,2.8,0.067,8,44,0.99384,3.21,0.56,12
"440",7,0.62,0.18,1.5,0.062,7,50,0.9951,3.08,0.6,9.3
"871",7.7,0.715,0.01,2.1,0.064,31,43,0.99371,3.41,0.57,11.8
"878",7.7,0.715,0.01,2.1,0.064,31,43,0.99371,3.41,0.57,11.8
"635",7.9,0.35,0.21,1.9,0.073,46,102,0.9964,3.27,0.58,9.5
"602",13.2,0.46,0.52,2.2,0.071,12,35,1.0006,3.1,0.56,9
"604",13.2,0.46,0.52,2.2,0.071,12,35,1.0006,3.1,0.56,9
"347",6.6,0.815,0.02,2.7,0.072,17,34,0.9955,3.58,0.89,12.3
"1502",7.8,0.82,0.29,4.3,0.083,21,64,0.99642,3.16,0.53,9.4
"1599",6,0.31,0.47,3.6,0.067,18,42,0.99549,3.39,0.66,11
"742",9.2,0.53,0.24,2.6,0.078,28,139,0.99788,3.21,0.57,9.5
"1046",6.9,0.44,0,1.4,0.07,32,38,0.99438,3.32,0.58,11.4
"1190",8.8,0.955,0.05,1.8,0.075,5,19,0.99616,3.3,0.44,9.6
"441",12.6,0.31,0.72,2.2,0.072,6,29,0.9987,2.88,0.82,9.8
"290",11.6,0.42,0.53,3.3,0.105,33,98,1.001,3.2,0.95,9.2
"781",7,0.57,0,2,0.19,12,45,0.99676,3.31,0.6,9.4
"1386",8,0.81,0.25,3.4,0.076,34,85,0.99668,3.19,0.42,9.2
"712",8.9,0.565,0.34,3,0.093,16,112,0.9998,3.38,0.61,9.5
"1515",6.9,0.84,0.21,4.1,0.074,16,65,0.99842,3.53,0.72,9.23333333333333
"1139",7.5,0.41,0.15,3.7,0.104,29,94,0.99786,3.14,0.58,9.1
"1543",6.7,0.855,0.02,1.9,0.064,29,38,0.99472,3.3,0.56,10.75
"1333",8.4,0.39,0.1,1.7,0.075,6,25,0.99581,3.09,0.43,9.7
"454",10.4,0.33,0.63,2.8,0.084,5,22,0.9998,3.26,0.74,11.2
"459",10.4,0.33,0.63,2.8,0.084,5,22,0.9998,3.26,0.74,11.2
"437",8,0.67,0.3,2,0.06,38,62,0.9958,3.26,0.56,10.2
"1516",6.9,0.84,0.21,4.1,0.074,16,65,0.99842,3.53,0.72,9.25
"420",6.8,0.77,0,1.8,0.066,34,52,0.9976,3.62,0.68,9.9
"646",7.8,0.64,0.1,6,0.115,5,11,0.9984,3.37,0.69,10.1
"690",8.1,0.38,0.48,1.8,0.157,5,17,0.9976,3.3,1.05,9.4
"756",7.8,0.91,0.07,1.9,0.058,22,47,0.99525,3.51,0.43,10.7
"1449",6.9,0.58,0.01,1.9,0.08,40,54,0.99683,3.4,0.73,9.7
"57",10.2,0.42,0.57,3.4,0.07,4,10,0.9971,3.04,0.63,9.6
"1013",7.7,1.005,0.15,2.1,0.102,11,32,0.99604,3.23,0.48,10
"395",12.7,0.6,0.65,2.3,0.063,6,25,0.9997,3.03,0.57,9.9
"744",11.6,0.41,0.58,2.8,0.096,25,101,1.00024,3.13,0.53,10
"1480",8.2,0.28,0.6,3,0.104,10,22,0.99828,3.39,0.68,10.6
"1482",8.2,0.28,0.6,3,0.104,10,22,0.99828,3.39,0.68,10.6
"906",9.2,0.58,0.2,3,0.081,15,115,0.998,3.23,0.59,9.5
"546",9.1,0.47,0.49,2.6,0.094,38,106,0.9982,3.08,0.59,9.1
"1473",7.6,0.35,0.6,2.6,0.073,23,44,0.99656,3.38,0.79,11.1
"36",7.8,0.645,0,5.5,0.086,5,18,0.9986,3.4,0.55,9.6
"1437",10,0.38,0.38,1.6,0.169,27,90,0.99914,3.15,0.65,8.5
"520",7.3,0.365,0.49,2.5,0.088,39,106,0.9966,3.36,0.78,11
"527",7.3,0.365,0.49,2.5,0.088,39,106,0.9966,3.36,0.78,11
"1123",6.3,0.47,0,1.4,0.055,27,33,0.9922,3.45,0.48,12.3
"904",6.8,0.59,0.06,6,0.06,11,18,0.9962,3.41,0.59,10.8
"905",6.8,0.59,0.06,6,0.06,11,18,0.9962,3.41,0.59,10.8
"298",7.1,0.63,0.06,2,0.083,8,29,0.99855,3.67,0.73,9.6
"1453",6.6,0.58,0.02,2,0.062,37,53,0.99374,3.35,0.76,11.6
"33",8.3,0.655,0.12,2.3,0.083,15,113,0.9966,3.17,0.66,9.8
"680",10.8,0.26,0.45,3.3,0.06,20,49,0.9972,3.13,0.54,9.6
"91",7.9,0.52,0.26,1.9,0.079,42,140,0.9964,3.23,0.54,9.5
"521",9.8,0.25,0.49,2.7,0.088,15,33,0.9982,3.42,0.9,10
"295",13.3,0.34,0.52,3.2,0.094,17,53,1.0014,3.05,0.81,9.5
"522",7.6,0.41,0.49,2,0.088,16,43,0.998,3.48,0.64,9.1
"445",5.3,0.57,0.01,1.7,0.054,5,27,0.9934,3.57,0.84,12.5
"1095",6.6,0.725,0.09,5.5,0.117,9,17,0.99655,3.35,0.49,10.8
"1097",6.6,0.725,0.09,5.5,0.117,9,17,0.99655,3.35,0.49,10.8
"300",6.9,0.67,0.06,2.1,0.08,8,33,0.99845,3.68,0.71,9.6
"782",6.5,0.46,0.14,2.4,0.114,9,37,0.99732,3.66,0.65,9.8
"784",6.5,0.46,0.14,2.4,0.114,9,37,0.99732,3.66,0.65,9.8
"611",8.8,0.24,0.54,2.5,0.083,25,57,0.9983,3.39,0.54,9.2
"1442",7.4,0.785,0.19,5.2,0.094,19,98,0.99713,3.16,0.52,9.56666666666667
"1446",7.4,0.785,0.19,5.2,0.094,19,98,0.99713,3.16,0.52,9.6
"1596",5.9,0.55,0.1,2.2,0.062,39,51,0.99512,3.52,0.76,11.2
"1131",9.1,0.6,0,1.9,0.058,5,10,0.9977,3.18,0.63,10.4
"351",10.7,0.67,0.22,2.7,0.107,17,34,1.0004,3.28,0.98,9.9
"888",10.7,0.52,0.38,2.6,0.066,29,56,0.99577,3.15,0.79,12.1
"776",7.2,1,0,3,0.102,7,16,0.99586,3.43,0.46,10
"423",7.7,0.96,0.2,2,0.047,15,60,0.9955,3.36,0.44,10.9
"425",7.7,0.96,0.2,2,0.047,15,60,0.9955,3.36,0.44,10.9
"206",12.8,0.3,0.74,2.6,0.095,9,28,0.9994,3.2,0.77,10.8
"207",12.8,0.3,0.74,2.6,0.095,9,28,0.9994,3.2,0.77,10.8
"304",7.4,0.67,0.12,1.6,0.186,5,21,0.996,3.39,0.54,9.5
"1517",6.1,0.32,0.25,2.3,0.071,23,58,0.99633,3.42,0.97,10.6
"1523",6.1,0.32,0.25,2.3,0.071,23,58,0.99633,3.42,0.97,10.6
"382",13.7,0.415,0.68,2.9,0.085,17,43,1.0014,3.06,0.8,10
"392",13.7,0.415,0.68,2.9,0.085,17,43,1.0014,3.06,0.8,10
"1433",5.9,0.44,0,1.6,0.042,3,11,0.9944,3.48,0.85,11.7
"1401",7.9,0.69,0.21,2.1,0.08,33,141,0.9962,3.25,0.51,9.9
"1402",7.9,0.69,0.21,2.1,0.08,33,141,0.9962,3.25,0.51,9.9
"1133",7.4,0.36,0.34,1.8,0.075,18,38,0.9933,3.38,0.88,13.6
"493",8.9,0.4,0.51,2.6,0.052,13,27,0.995,3.32,0.9,13.4
"371",6.9,0.765,0.02,2.3,0.063,35,63,0.9975,3.57,0.78,9.9
"166",7.8,0.63,0.48,1.7,0.1,14,96,0.9961,3.19,0.62,9.5
"1101",8.4,0.34,0.42,2.1,0.072,23,36,0.99392,3.11,0.78,12.4
"745",11.1,0.39,0.54,2.7,0.095,21,101,1.0001,3.13,0.51,9.5
"612",13.2,0.38,0.55,2.7,0.081,5,16,1.0006,2.98,0.54,9.4
"213",11.6,0.44,0.64,2.1,0.059,5,15,0.998,3.21,0.67,10.2
"792",8.8,0.64,0.17,2.9,0.084,25,130,0.99818,3.23,0.54,9.6
"210",11,0.3,0.58,2.1,0.054,7,19,0.998,3.31,0.88,10.5
"1047",7.6,0.78,0,1.7,0.076,33,45,0.99612,3.31,0.62,10.7
"1467",7.3,0.48,0.32,2.1,0.062,31,54,0.99728,3.3,0.65,10
"1469",7.3,0.48,0.32,2.1,0.062,31,54,0.99728,3.3,0.65,10
"85",6.3,0.3,0.48,1.8,0.069,18,61,0.9959,3.44,0.78,10.3
"364",12.5,0.46,0.63,2,0.071,6,15,0.9988,2.99,0.87,10.2
"1210",6.2,0.39,0.43,2,0.071,14,24,0.99428,3.45,0.87,11.2
"975",8.8,0.33,0.41,5.9,0.073,7,13,0.99658,3.3,0.62,12.1
"859",11.7,0.28,0.47,1.7,0.054,17,32,0.99686,3.15,0.67,10.6
"1037",7.6,0.31,0.34,2.5,0.082,26,35,0.99356,3.22,0.59,12.5
"484",10.6,0.36,0.6,2.2,0.152,7,18,0.9986,3.04,1.06,9.4
"757",6.3,0.98,0.01,2,0.057,15,33,0.99488,3.6,0.46,11.2
"528",7,0.38,0.49,2.5,0.097,33,85,0.9962,3.39,0.77,11.4
"265",12.5,0.56,0.49,2.4,0.064,5,27,0.9999,3.08,0.87,10.9
"418",7,0.58,0.12,1.9,0.091,34,124,0.9956,3.44,0.48,10.5
"514",10.5,0.51,0.64,2.4,0.107,6,15,0.9973,3.09,0.66,11.8
"515",10.5,0.51,0.64,2.4,0.107,6,15,0.9973,3.09,0.66,11.8
"601",8.2,0.915,0.27,2.1,0.088,7,23,0.9962,3.26,0.47,10
"373",9.1,0.28,0.48,1.8,0.067,26,46,0.9967,3.32,1.04,10.6
"761",9,0.58,0.25,2.8,0.075,9,104,0.99779,3.23,0.57,9.7
"302",11.1,0.18,0.48,1.5,0.068,7,15,0.9973,3.22,0.64,10.1
"506",10.2,0.49,0.63,2.9,0.072,10,26,0.9968,3.16,0.78,12.5
"1491",7.1,0.22,0.49,1.8,0.039,8,18,0.99344,3.39,0.56,12.4
"561",12.7,0.6,0.49,2.8,0.075,5,19,0.9994,3.14,0.57,11.4
"566",12.7,0.6,0.49,2.8,0.075,5,19,0.9994,3.14,0.57,11.4
"314",8.6,0.47,0.3,3,0.076,30,135,0.9976,3.3,0.53,9.4
"1178",7.1,0.66,0,2.4,0.052,6,11,0.99318,3.35,0.66,12.7
"161",7.6,0.95,0.03,2,0.09,7,20,0.9959,3.2,0.56,9.6
"825",7.1,0.48,0.28,2.8,0.068,6,16,0.99682,3.24,0.53,10.3
"995",10,0.35,0.45,2.5,0.092,20,88,0.99918,3.15,0.43,9.4
"256",8,0.57,0.23,3.2,0.073,17,119,0.99675,3.26,0.57,9.3
"988",7.1,0.36,0.3,1.6,0.08,35,70,0.99693,3.44,0.5,9.4
"1470",7.3,0.98,0.05,2.1,0.061,20,49,0.99705,3.31,0.55,9.7
"1134",7.2,0.48,0.07,5.5,0.089,10,18,0.99684,3.37,0.68,11.2
"581",12.3,0.5,0.49,2.2,0.089,5,14,1.0002,3.19,0.44,9.6
"582",12.3,0.5,0.49,2.2,0.089,5,14,1.0002,3.19,0.44,9.6
"350",9.1,0.785,0,2.6,0.093,11,28,0.9994,3.36,0.86,9.4
"598",11.9,0.58,0.58,1.9,0.071,5,18,0.998,3.09,0.63,10
"1305",7.6,0.79,0.21,2.3,0.087,21,68,0.9955,3.12,0.44,9.2
"931",6.6,0.61,0.01,1.9,0.08,8,25,0.99746,3.69,0.73,10.5
"935",6.6,0.61,0.01,1.9,0.08,8,25,0.99746,3.69,0.73,10.5
"1420",7.7,0.64,0.21,2.2,0.077,32,133,0.9956,3.27,0.45,9.9
"434",12.3,0.39,0.63,2.3,0.091,6,18,1.0004,3.16,0.49,9.5
"436",12.3,0.39,0.63,2.3,0.091,6,18,1.0004,3.16,0.49,9.5
"505",10.5,0.24,0.42,1.8,0.077,6,22,0.9976,3.21,1.05,10.8
"1577",8,0.3,0.63,1.6,0.081,16,29,0.99588,3.3,0.78,10.8
"1226",9.2,0.46,0.23,2.6,0.091,18,77,0.99922,3.15,0.51,9.4
"483",10.6,0.36,0.59,2.2,0.152,6,18,0.9986,3.04,1.05,9.4
"844",7.1,0.685,0.35,2,0.088,9,92,0.9963,3.28,0.62,9.4
"624",7.9,0.51,0.25,2.9,0.077,21,45,0.9974,3.49,0.96,12.1
"1412",6.4,0.47,0.4,2.4,0.071,8,19,0.9963,3.56,0.73,10.6
"409",10.4,0.34,0.58,3.7,0.174,6,16,0.997,3.19,0.7,11.3
"198",11.5,0.3,0.6,2,0.067,12,27,0.9981,3.11,0.97,10.1
"1287",7.1,0.16,0.44,2.5,0.068,17,31,0.99328,3.35,0.54,12.4
"571",11.5,0.35,0.49,3.3,0.07,10,37,1.0003,3.32,0.91,11
"974",8.5,0.34,0.44,1.7,0.079,6,12,0.99605,3.52,0.63,10.7
"1081",10.3,0.27,0.56,1.4,0.047,3,8,0.99471,3.16,0.51,11.8
"1059",9.9,0.53,0.57,2.4,0.093,30,52,0.9971,3.19,0.76,11.6
"357",11.5,0.41,0.52,3,0.08,29,55,1.0001,3.26,0.88,11
"262",7,0.975,0.04,2,0.087,12,67,0.99565,3.35,0.6,9.4
"1191",9.1,0.4,0.57,4.6,0.08,6,20,0.99652,3.28,0.57,12.5
"694",9,0.48,0.32,2.8,0.084,21,122,0.9984,3.32,0.62,9.4
"119",8.8,0.55,0.04,2.2,0.119,14,56,0.9962,3.21,0.6,10.9
"122",8.8,0.55,0.04,2.2,0.119,14,56,0.9962,3.21,0.6,10.9
"722",8.9,0.48,0.24,2.85,0.094,35,106,0.9982,3.1,0.53,9.2
"297",10.6,0.83,0.37,2.6,0.086,26,70,0.9981,3.16,0.52,9.9
"815",12.6,0.41,0.54,2.8,0.103,19,41,0.99939,3.21,0.76,11.3
"1106",6.3,0.57,0.28,2.1,0.048,13,49,0.99374,3.41,0.6,12.8
"508",11.2,0.67,0.55,2.3,0.084,6,13,1,3.17,0.71,9.5
"1254",7.9,0.66,0,1.4,0.096,6,13,0.99569,3.43,0.58,9.5
"125",7.8,0.5,0.17,1.6,0.082,21,102,0.996,3.39,0.48,9.5
"872",6.9,0.56,0.03,1.5,0.086,36,46,0.99522,3.53,0.57,10.6
"1029",7.2,0.34,0.21,2.5,0.075,41,68,0.99586,3.37,0.54,10.1
"1419",7.8,0.53,0.01,1.6,0.077,3,19,0.995,3.16,0.46,9.8
"1421",7.8,0.53,0.01,1.6,0.077,3,19,0.995,3.16,0.46,9.8
"1041",7.4,0.965,0,2.2,0.088,16,32,0.99756,3.58,0.67,10.2
"1416",6.2,0.58,0,1.6,0.065,8,18,0.9966,3.56,0.84,9.4
"160",6.8,0.6,0.18,1.9,0.079,18,86,0.9968,3.59,0.57,9.3
"447",12.5,0.38,0.6,2.6,0.081,31,72,0.9996,3.1,0.73,10.5
"1472",6.7,0.7,0.08,3.75,0.067,8,16,0.99334,3.43,0.52,12.6
"1302",6.7,0.86,0.07,2,0.1,20,57,0.99598,3.6,0.74,11.7
"695",9,0.47,0.31,2.7,0.084,24,125,0.9984,3.31,0.61,9.4
"363",11.9,0.58,0.66,2.5,0.072,6,37,0.9992,3.05,0.56,10
"345",11.9,0.57,0.5,2.6,0.082,6,32,1.0006,3.12,0.78,10.7
"334",8.4,0.56,0.08,2.1,0.105,16,44,0.9958,3.13,0.52,11
"947",10.2,0.44,0.58,4.1,0.092,11,24,0.99745,3.29,0.99,12
"584",12,0.28,0.49,1.9,0.074,10,21,0.9976,2.98,0.66,9.9
"1546",6.5,0.63,0.33,1.8,0.059,16,28,0.99531,3.36,0.64,10.1
"1578",6.2,0.7,0.15,5.1,0.076,13,27,0.99622,3.54,0.6,11.9
"1147",7.8,0.5,0.12,1.8,0.178,6,21,0.996,3.28,0.87,9.8
"600",12.7,0.59,0.45,2.3,0.082,11,22,1,3,0.7,9.3
"108",6.2,0.63,0.31,1.7,0.088,15,64,0.9969,3.46,0.79,9.3
"352",9.1,0.795,0,2.6,0.096,11,26,0.9994,3.35,0.83,9.4
"153",7.5,0.6,0.03,1.8,0.095,25,99,0.995,3.35,0.54,10.1
"154",7.5,0.6,0.03,1.8,0.095,25,99,0.995,3.35,0.54,10.1
"774",7.9,0.4,0.29,1.8,0.157,1,44,0.9973,3.3,0.92,9.5
"1199",7.7,0.26,0.26,2,0.052,19,77,0.9951,3.15,0.79,10.9
"469",11.4,0.36,0.69,2.1,0.09,6,21,1,3.17,0.62,9.2
"736",7.7,0.965,0.1,2.1,0.112,11,22,0.9963,3.26,0.5,9.5
"737",7.7,0.965,0.1,2.1,0.112,11,22,0.9963,3.26,0.5,9.5
"1120",5.6,0.66,0,2.5,0.066,7,15,0.99256,3.52,0.58,12.9
"1489",5.6,0.54,0.04,1.7,0.049,5,13,0.9942,3.72,0.58,11.4
"1492",5.6,0.54,0.04,1.7,0.049,5,13,0.9942,3.72,0.58,11.4
"438",11.1,0.45,0.73,3.2,0.066,6,22,0.9986,3.17,0.66,11.2
"1374",7.7,0.75,0.27,3.8,0.11,34,89,0.99664,3.24,0.45,9.3
"374",7.4,0.55,0.22,2.2,0.106,12,72,0.9959,3.05,0.63,9.2
"1360",11.6,0.475,0.4,1.4,0.091,6,28,0.99704,3.07,0.65,10.0333333333333
"1363",11.6,0.475,0.4,1.4,0.091,6,28,0.99704,3.07,0.65,10.0333333333333
"967",9,0.38,0.41,2.4,0.103,6,10,0.99604,3.13,0.58,11.9
"343",10.9,0.39,0.47,1.8,0.118,6,14,0.9982,3.3,0.75,9.8
"344",10.9,0.39,0.47,1.8,0.118,6,14,0.9982,3.3,0.75,9.8
"473",12.5,0.37,0.55,2.6,0.083,25,68,0.9995,3.15,0.82,10.4
"70",8,0.705,0.05,1.9,0.074,8,19,0.9962,3.34,0.95,10.5
"989",7.7,0.39,0.12,1.7,0.097,19,27,0.99596,3.16,0.49,9.4
"991",7.7,0.39,0.12,1.7,0.097,19,27,0.99596,3.16,0.49,9.4
"478",10.4,0.24,0.49,1.8,0.075,6,20,0.9977,3.18,1.06,11
"843",10.6,0.5,0.45,2.6,0.119,34,68,0.99708,3.23,0.72,10.9
"549",12.4,0.35,0.49,2.6,0.079,27,69,0.9994,3.12,0.75,10.4
"1335",7.2,0.835,0,2,0.166,4,11,0.99608,3.39,0.52,10
"1352",7.2,0.62,0.01,2.3,0.065,8,46,0.99332,3.32,0.51,11.8
"668",11.3,0.34,0.45,2,0.082,6,15,0.9988,2.94,0.66,9.2
"670",11.3,0.34,0.45,2,0.082,6,15,0.9988,2.94,0.66,9.2
"1391",6,0.49,0,2.3,0.068,15,33,0.99292,3.58,0.59,12.5
"317",9.6,0.56,0.23,3.4,0.102,37,92,0.9996,3.3,0.65,10.1
"327",11.6,0.53,0.66,3.65,0.121,6,14,0.9978,3.05,0.74,11.5
"1110",10.8,0.47,0.43,2.1,0.171,27,66,0.9982,3.17,0.76,10.8
"594",9.9,0.49,0.58,3.5,0.094,9,43,1.0004,3.29,0.58,9
"1004",6.8,0.36,0.32,1.8,0.067,4,8,0.9928,3.36,0.55,12.8
"1006",6.8,0.36,0.32,1.8,0.067,4,8,0.9928,3.36,0.55,12.8
"147",5.8,0.68,0.02,1.8,0.087,21,94,0.9944,3.54,0.52,10
"296",10.8,0.5,0.46,2.5,0.073,5,27,1.0001,3.05,0.64,9.5
"1089",11.6,0.41,0.54,1.5,0.095,22,41,0.99735,3.02,0.76,9.9
"1090",11.6,0.41,0.54,1.5,0.095,22,41,0.99735,3.02,0.76,9.9
"1560",7.8,0.6,0.26,2,0.08,31,131,0.99622,3.21,0.52,9.9
"1561",7.8,0.6,0.26,2,0.08,31,131,0.99622,3.21,0.52,9.9
"1562",7.8,0.6,0.26,2,0.08,31,131,0.99622,3.21,0.52,9.9
"421",9.5,0.56,0.33,2.4,0.089,35,67,0.9972,3.28,0.73,11.8
"954",10.2,0.34,0.48,2.1,0.052,5,9,0.99458,3.2,0.69,12.1
"583",11.7,0.49,0.49,2.2,0.083,5,15,1,3.19,0.43,9.2
"178",7.5,0.52,0.42,2.3,0.087,8,38,0.9972,3.58,0.61,10.5
"507",10.4,0.24,0.46,1.8,0.075,6,21,0.9976,3.25,1.02,10.8
"769",7.1,0.59,0.02,2.3,0.082,24,94,0.99744,3.55,0.53,9.7
"771",7.1,0.59,0.02,2.3,0.082,24,94,0.99744,3.55,0.53,9.7
"1540",7.2,0.39,0.32,1.8,0.065,34,60,0.99714,3.46,0.78,9.9
"1393",7.1,0.62,0.06,1.3,0.07,5,12,0.9942,3.17,0.48,9.8
"1356",6.1,0.32,0.25,1.8,0.086,5,32,0.99464,3.36,0.44,10.1
"171",7.9,0.885,0.03,1.8,0.058,4,8,0.9972,3.36,0.33,9.1
"139",7.8,0.56,0.19,2.1,0.081,15,105,0.9962,3.33,0.54,9.5
"369",10.3,0.34,0.52,2.8,0.159,15,75,0.9998,3.18,0.64,9.4
"1053",5.6,0.605,0.05,2.4,0.073,19,25,0.99258,3.56,0.55,12.9
"968",8.5,0.66,0.2,2.1,0.097,23,113,0.99733,3.13,0.48,9.2
"775",7.9,0.4,0.3,1.8,0.157,2,45,0.99727,3.31,0.91,9.5
"978",8.4,0.59,0.29,2.6,0.109,31,119,0.99801,3.15,0.5,9.1
"191",8.2,0.5,0.35,2.9,0.077,21,127,0.9976,3.23,0.62,9.4
"783",9,0.82,0.05,2.4,0.081,26,96,0.99814,3.36,0.53,10
"1573",7.3,0.69,0.32,2.2,0.069,35,104,0.99632,3.33,0.51,9.5
"471",13,0.32,0.65,2.6,0.093,15,47,0.9996,3.05,0.61,10.6
"17",8.5,0.28,0.56,1.8,0.092,35,103,0.9969,3.3,0.75,10.5
"1057",8.9,0.48,0.53,4,0.101,3,10,0.99586,3.21,0.59,12.1
"1060",8.9,0.48,0.53,4,0.101,3,10,0.99586,3.21,0.59,12.1
"938",12,0.63,0.5,1.4,0.071,6,26,0.99791,3.07,0.6,10.4
"739",9,0.46,0.23,2.8,0.092,28,104,0.9983,3.1,0.56,9.2
"618",11.5,0.31,0.51,2.2,0.079,14,28,0.9982,3.03,0.93,9.8
"1598",5.9,0.645,0.12,2,0.075,32,44,0.99547,3.57,0.71,10.2
"741",8.3,0.76,0.29,4.2,0.075,12,16,0.9965,3.45,0.68,11.5
"1058",7.6,0.42,0.25,3.9,0.104,28,90,0.99784,3.15,0.57,9.1
"642",9.5,0.59,0.44,2.3,0.071,21,68,0.9992,3.46,0.63,9.5
"644",9.5,0.59,0.44,2.3,0.071,21,68,0.9992,3.46,0.63,9.5
"192",6.4,0.37,0.25,1.9,0.074,21,49,0.9974,3.57,0.62,9.8
"1591",6.3,0.55,0.15,1.8,0.077,26,35,0.99314,3.32,0.82,11.6
"1415",10,0.32,0.59,2.2,0.077,3,15,0.9994,3.2,0.78,9.6
"1417",10,0.32,0.59,2.2,0.077,3,15,0.9994,3.2,0.78,9.6
"1403",7.6,0.3,0.42,2,0.052,6,24,0.9963,3.44,0.82,11.9
"1357",6.1,0.34,0.25,1.8,0.084,4,28,0.99464,3.36,0.44,10.1
"1107",8.2,0.23,0.42,1.9,0.069,9,17,0.99376,3.21,0.54,12.3
"312",7.9,0.53,0.24,2,0.072,15,105,0.996,3.27,0.54,9.4
"1504",6.2,0.44,0.39,2.5,0.077,6,14,0.99555,3.51,0.69,11
"795",10.1,0.27,0.54,2.3,0.065,7,26,0.99531,3.17,0.53,12.5
"187",7.4,0.39,0.48,2,0.082,14,67,0.9972,3.34,0.55,9.2
"578",8.8,0.44,0.49,2.8,0.083,18,111,0.9982,3.3,0.6,9.5
"1125",6.5,0.58,0,2.2,0.096,3,13,0.99557,3.62,0.62,11.5
"360",12.6,0.38,0.66,2.6,0.088,10,41,1.001,3.17,0.68,9.8
"562",9,0.44,0.49,2.4,0.078,26,121,0.9978,3.23,0.58,9.2
"492",9.2,0.41,0.5,2.5,0.055,12,25,0.9952,3.34,0.79,13.3
"1055",8.2,0.64,0.27,2,0.095,5,77,0.99747,3.13,0.62,9.1
"1056",8.2,0.64,0.27,2,0.095,5,77,0.99747,3.13,0.62,9.1
"65",7.2,0.725,0.05,4.65,0.086,4,11,0.9962,3.41,0.39,10.9
"66",7.2,0.725,0.05,4.65,0.086,4,11,0.9962,3.41,0.39,10.9
"992",7.1,0.34,0.28,2,0.082,31,68,0.99694,3.45,0.48,9.4
"994",7.1,0.34,0.28,2,0.082,31,68,0.99694,3.45,0.48,9.4
"280",8.9,0.4,0.32,5.6,0.087,10,47,0.9991,3.38,0.77,10.5
"284",8.9,0.4,0.32,5.6,0.087,10,47,0.9991,3.38,0.77,10.5
"969",9,0.4,0.43,2.4,0.068,29,46,0.9943,3.2,0.6,12.2
"1485",6.8,0.91,0.06,2,0.06,4,11,0.99592,3.53,0.64,10.9
"1024",8.2,0.32,0.42,2.3,0.098,3,9,0.99506,3.27,0.55,12.3
"1114",8.9,0.24,0.39,1.6,0.074,3,10,0.99698,3.12,0.59,9.5
"504",10.5,0.26,0.47,1.9,0.078,6,24,0.9976,3.18,1.04,10.9
"664",10.1,0.28,0.46,1.8,0.05,5,13,0.9974,3.04,0.79,10.2
"1481",5.6,0.62,0.03,1.5,0.08,6,13,0.99498,3.66,0.62,10.1
"467",10.3,0.5,0.42,2,0.069,21,51,0.9982,3.16,0.72,11.5
"734",7,0.45,0.34,2.7,0.082,16,72,0.998,3.55,0.6,9.5
"882",7.6,0.715,0,2.1,0.068,30,35,0.99533,3.48,0.65,11.4
"19",7.4,0.59,0.08,4.4,0.086,6,29,0.9974,3.38,0.5,9
"1061",11.6,0.23,0.57,1.8,0.074,3,8,0.9981,3.14,0.7,9.9
"151",7.3,0.33,0.47,2.1,0.077,5,11,0.9958,3.33,0.53,10.3
"428",9.5,0.78,0.22,1.9,0.077,6,32,0.9988,3.26,0.56,10.6
"1193",7.2,0.25,0.37,2.5,0.063,11,41,0.99439,3.52,0.8,12.4
"669",10,0.73,0.43,2.3,0.059,15,31,0.9966,3.15,0.57,11
"597",12.4,0.4,0.51,2,0.059,6,24,0.9994,3.04,0.6,9.3
"442",11.9,0.4,0.65,2.15,0.068,7,27,0.9988,3.06,0.68,11.3
"1011",8.9,0.28,0.45,1.7,0.067,7,12,0.99354,3.25,0.55,12.3
"1592",5.4,0.74,0.09,1.7,0.089,16,26,0.99402,3.67,0.56,11.6
"140",7.8,0.56,0.19,2,0.081,17,108,0.9962,3.32,0.54,9.5
"1247",7.4,0.74,0.07,1.7,0.086,15,48,0.99502,3.12,0.48,10
"83",7.4,0.5,0.47,2,0.086,21,73,0.997,3.36,0.57,9.1
"809",7.4,0.53,0.12,1.9,0.165,4,12,0.99702,3.26,0.86,9.2
"306",10.3,0.53,0.48,2.5,0.063,6,25,0.9998,3.12,0.59,9.3
"311",10.3,0.53,0.48,2.5,0.063,6,25,0.9998,3.12,0.59,9.3
"660",7.1,0.84,0.02,4.4,0.096,5,13,0.997,3.41,0.57,11
"665",12.1,0.4,0.52,2,0.092,15,54,1,3.03,0.66,10.2
"49",6.4,0.4,0.23,1.6,0.066,5,12,0.9958,3.34,0.56,9.2
"812",12.9,0.5,0.55,2.8,0.072,7,24,1.00012,3.09,0.68,10.9
"949",8.9,0.12,0.45,1.8,0.075,10,21,0.99552,3.41,0.76,11.9
"950",8.9,0.12,0.45,1.8,0.075,10,21,0.99552,3.41,0.76,11.9
"951",8.9,0.12,0.45,1.8,0.075,10,21,0.99552,3.41,0.76,11.9
"509",10,0.59,0.31,2.2,0.09,26,62,0.9994,3.18,0.63,10.2
"512",10,0.59,0.31,2.2,0.09,26,62,0.9994,3.18,0.63,10.2
"760",8.8,0.42,0.21,2.5,0.092,33,88,0.99823,3.19,0.52,9.2
"621",8.3,0.54,0.24,3.4,0.076,16,112,0.9976,3.27,0.61,9.4
"186",8.9,0.31,0.57,2,0.111,26,85,0.9971,3.26,0.53,9.7
"579",8.8,0.47,0.49,2.9,0.085,17,110,0.9982,3.29,0.6,9.8
"1221",10.9,0.32,0.52,1.8,0.132,17,44,0.99734,3.28,0.77,11.5
"1222",10.9,0.32,0.52,1.8,0.132,17,44,0.99734,3.28,0.77,11.5
"1312",6.5,0.51,0.15,3,0.064,12,27,0.9929,3.33,0.59,12.8
"324",10.3,0.59,0.42,2.8,0.09,35,73,0.999,3.28,0.7,9.5
"287",12,0.45,0.55,2,0.073,25,49,0.9997,3.1,0.76,10.3
"976",7.2,0.41,0.3,2.1,0.083,35,72,0.997,3.44,0.52,9.4
"977",7.2,0.41,0.3,2.1,0.083,35,72,0.997,3.44,0.52,9.4
"1220",9,0.39,0.4,1.3,0.044,25,50,0.99478,3.2,0.83,10.9
"129",8,0.59,0.16,1.8,0.065,3,16,0.9962,3.42,0.92,10.5
"780",7.1,0.52,0.03,2.6,0.076,21,92,0.99745,3.5,0.6,9.8
"1594",6.8,0.62,0.08,1.9,0.068,28,38,0.99651,3.42,0.82,9.5
"659",7.2,0.52,0.07,1.4,0.074,5,20,0.9973,3.32,0.81,9.6
"661",7.2,0.52,0.07,1.4,0.074,5,20,0.9973,3.32,0.81,9.6
"1336",6.6,0.58,0.02,2.4,0.069,19,40,0.99387,3.38,0.66,12.6
"1045",6.4,0.39,0.33,3.3,0.046,12,53,0.99294,3.36,0.62,12.2
"880",7.2,0.6,0.04,2.5,0.076,18,88,0.99745,3.53,0.55,9.5
"884",7.2,0.6,0.04,2.5,0.076,18,88,0.99745,3.53,0.55,9.5
"1456",6.5,0.9,0,1.6,0.052,9,17,0.99467,3.5,0.63,10.9
"232",8,0.38,0.06,1.8,0.078,12,49,0.99625,3.37,0.52,9.9
"895",7.2,0.63,0.03,2.2,0.08,17,88,0.99745,3.53,0.58,9.8
"400",8.7,0.765,0.22,2.3,0.064,9,42,0.9963,3.1,0.55,9.4
"535",10,0.48,0.24,2.7,0.102,13,32,1,3.28,0.56,10
"971",10.4,0.26,0.48,1.9,0.066,6,10,0.99724,3.33,0.87,10.9
"972",10.4,0.26,0.48,1.9,0.066,6,10,0.99724,3.33,0.87,10.9
"845",9.9,0.25,0.46,1.7,0.062,26,42,0.9959,3.18,0.83,10.6
"208",7.8,0.57,0.31,1.8,0.069,26,120,0.99625,3.29,0.53,9.3
"2",7.8,0.88,0,2.6,0.098,25,67,0.9968,3.2,0.68,9.8
"619",11.4,0.46,0.5,2.7,0.122,4,17,1.0006,3.13,0.7,10.2
"450",11.9,0.39,0.69,2.8,0.095,17,35,0.9994,3.1,0.61,10.8
"451",11.9,0.39,0.69,2.8,0.095,17,35,0.9994,3.1,0.61,10.8
"550",9,0.53,0.49,1.9,0.171,6,25,0.9975,3.27,0.61,9.4
"993",6.5,0.4,0.1,2,0.076,30,47,0.99554,3.36,0.48,9.4
"1225",12.6,0.39,0.49,2.5,0.08,8,20,0.9992,3.07,0.82,10.3
"465",11.5,0.315,0.54,2.1,0.084,5,15,0.9987,2.98,0.7,9.2
"476",9.6,0.68,0.24,2.2,0.087,5,28,0.9988,3.14,0.6,10.2
"479",9.6,0.68,0.24,2.2,0.087,5,28,0.9988,3.14,0.6,10.2
"810",7.6,0.48,0.31,2.8,0.07,4,15,0.99693,3.22,0.55,10.3
"785",7.1,0.59,0.01,2.5,0.077,20,85,0.99746,3.55,0.59,9.8
"806",8.2,0.28,0.4,2.4,0.052,4,10,0.99356,3.33,0.7,12.8
"808",8.2,0.28,0.4,2.4,0.052,4,10,0.99356,3.33,0.7,12.8
"475",10.5,0.28,0.51,1.7,0.08,10,24,0.9982,3.2,0.89,9.4
"1198",7.7,0.57,0.21,1.5,0.069,4,9,0.99458,3.16,0.54,9.8
"1201",7.7,0.57,0.21,1.5,0.069,4,9,0.99458,3.16,0.54,9.8
"671",6.9,0.4,0.24,2.5,0.083,30,45,0.9959,3.26,0.58,10
"13",5.6,0.615,0,1.6,0.089,16,59,0.9943,3.58,0.52,9.9
"1541",6.2,0.52,0.08,4.4,0.071,11,32,0.99646,3.56,0.63,11.6
"1587",7.5,0.31,0.41,2.4,0.065,34,60,0.99492,3.34,0.85,11.4
"144",6.3,0.39,0.08,1.7,0.066,3,20,0.9954,3.34,0.58,9.4
"1511",6.4,0.36,0.21,2.2,0.047,26,48,0.99661,3.47,0.77,9.7
"1002",9.9,0.35,0.38,1.5,0.058,31,47,0.99676,3.26,0.82,10.6
"24",8.5,0.49,0.11,2.3,0.084,9,67,0.9968,3.17,0.53,9.4
"892",7.2,0.66,0.03,2.3,0.078,16,86,0.99743,3.53,0.57,9.7
"894",7.2,0.66,0.03,2.3,0.078,16,86,0.99743,3.53,0.57,9.7
"798",9.3,0.37,0.44,1.6,0.038,21,42,0.99526,3.24,0.81,10.8
"1455",11.7,0.45,0.63,2.2,0.073,7,23,0.99974,3.21,0.69,10.9
"1299",5.7,0.6,0,1.4,0.063,11,18,0.99191,3.45,0.56,12.2
"1182",9.8,0.39,0.43,1.65,0.068,5,11,0.99478,3.19,0.46,11.4
"719",8.4,0.56,0.04,2,0.082,10,22,0.9976,3.22,0.44,9.6
"721",8.4,0.56,0.04,2,0.082,10,22,0.9976,3.22,0.44,9.6
"1126",8.8,0.24,0.35,1.7,0.055,13,27,0.99394,3.14,0.59,11.3
"196",7.8,0.59,0.33,2,0.074,24,120,0.9968,3.25,0.54,9.4
"1405",8,0.5,0.39,2.6,0.082,12,46,0.9985,3.43,0.62,10.7
"417",10.6,0.48,0.64,2.2,0.111,6,20,0.997,3.26,0.66,11.7
"820",9.1,0.66,0.15,3.2,0.097,9,59,0.99976,3.28,0.54,9.6
"1122",6.6,0.5,0,1.8,0.062,21,28,0.99352,3.44,0.55,12.3
"1028",6.4,0.795,0,2.2,0.065,28,52,0.99378,3.49,0.52,11.6
"532",11.9,0.38,0.49,2.7,0.098,12,42,1.0004,3.16,0.61,10.3
"533",11.9,0.38,0.49,2.7,0.098,12,42,1.0004,3.16,0.61,10.3
"1064",10.2,0.29,0.65,2.4,0.075,6,17,0.99565,3.22,0.63,11.8
"1576",7.5,0.52,0.4,2.2,0.06,12,20,0.99474,3.26,0.64,11.8
"910",7.3,0.305,0.39,1.2,0.059,7,11,0.99331,3.29,0.52,11.5
"915",7.3,0.305,0.39,1.2,0.059,7,11,0.99331,3.29,0.52,11.5
"939",7.2,0.38,0.38,2.8,0.068,23,42,0.99356,3.34,0.72,12.9
"538",8.1,0.825,0.24,2.1,0.084,5,13,0.9972,3.37,0.77,10.7
"1323",9.1,0.34,0.42,1.8,0.058,9,18,0.99392,3.18,0.55,11.4
"81",6.2,0.45,0.2,1.6,0.069,3,15,0.9958,3.41,0.56,9.2
"1087",8.5,0.34,0.4,4.7,0.055,3,9,0.99738,3.38,0.66,11.6
"403",12.2,0.48,0.54,2.6,0.085,19,64,1,3.1,0.61,10.5
"419",11.9,0.38,0.51,2,0.121,7,20,0.9996,3.24,0.76,10.4
"310",7.4,0.29,0.38,1.7,0.062,9,30,0.9968,3.41,0.53,9.5
"525",9.2,0.43,0.49,2.4,0.086,23,116,0.9976,3.23,0.64,9.5
"1376",7.2,0.56,0.26,2,0.083,13,100,0.99586,3.26,0.52,9.9
"941",9.6,0.33,0.52,2.2,0.074,13,25,0.99509,3.36,0.76,12.4
"1128",6.3,0.76,0,2.9,0.072,26,52,0.99379,3.51,0.6,11.5
"109",8,0.33,0.53,2.5,0.091,18,80,0.9976,3.37,0.8,9.6
"982",9.5,0.86,0.26,1.9,0.079,13,28,0.99712,3.25,0.62,10
"1152",6.1,0.58,0.23,2.5,0.044,16,70,0.99352,3.46,0.65,12.5
"1065",8.2,0.74,0.09,2,0.067,5,10,0.99418,3.28,0.57,11.8
"1168",8.2,0.33,0.39,2.5,0.074,29,48,0.99528,3.32,0.88,12.4
"1071",9.3,0.33,0.45,1.5,0.057,19,37,0.99498,3.18,0.89,11.1
"455",7,0.23,0.4,1.6,0.063,21,67,0.9952,3.5,0.63,11.1
"54",8.6,0.38,0.36,3,0.081,30,119,0.997,3.2,0.56,9.4
"1574",6,0.58,0.2,2.4,0.075,15,50,0.99467,3.58,0.67,12.5
"318",9.6,0.77,0.12,2.9,0.082,30,74,0.99865,3.3,0.64,10.4
"320",9.6,0.77,0.12,2.9,0.082,30,74,0.99865,3.3,0.64,10.4
"861",7.2,0.62,0.06,2.7,0.077,15,85,0.99746,3.51,0.54,9.5
"865",7.2,0.62,0.06,2.7,0.077,15,85,0.99746,3.51,0.54,9.5
"801",7.2,0.61,0.08,4,0.082,26,108,0.99641,3.25,0.51,9.4
"526",10.4,0.64,0.24,2.8,0.105,29,53,0.9998,3.24,0.67,9.9
"807",8.4,0.25,0.39,2,0.041,4,10,0.99386,3.27,0.71,12.5
"830",5.9,0.61,0.08,2.1,0.071,16,24,0.99376,3.56,0.77,11.1
"832",5.9,0.61,0.08,2.1,0.071,16,24,0.99376,3.56,0.77,11.1
"1268",10.4,0.43,0.5,2.3,0.068,13,19,0.996,3.1,0.87,11.4
"1033",8.1,0.82,0,4.1,0.095,5,14,0.99854,3.36,0.53,9.6
"622",8.2,0.56,0.23,3.4,0.078,14,104,0.9976,3.28,0.62,9.4
"987",9.8,0.34,0.39,1.4,0.066,3,7,0.9947,3.19,0.55,11.4
"564",7.6,0.29,0.49,2.7,0.092,25,60,0.9971,3.31,0.61,10.1
"1514",6.4,0.56,0.15,1.8,0.078,17,65,0.99294,3.33,0.6,10.5
"914",9.4,0.395,0.46,4.6,0.094,3,10,0.99639,3.27,0.64,12.2
"1186",7,0.43,0.3,2,0.085,6,39,0.99346,3.33,0.46,11.9
"1188",7,0.43,0.3,2,0.085,6,39,0.99346,3.33,0.46,11.9
"1151",8.2,0.33,0.32,2.8,0.067,4,12,0.99473,3.3,0.76,12.8
"1293",5.9,0.395,0.13,2.4,0.056,14,28,0.99362,3.62,0.67,12.4
"1452",7.8,0.32,0.44,2.7,0.104,8,17,0.99732,3.33,0.78,11
"482",9.4,0.3,0.56,2.8,0.08,6,17,0.9964,3.15,0.92,11.7
"335",7.9,0.65,0.01,2.5,0.078,17,38,0.9963,3.34,0.74,11.7
"666",9.4,0.59,0.14,2,0.084,25,48,0.9981,3.14,0.56,9.7
"1027",7.9,0.31,0.32,1.9,0.066,14,36,0.99364,3.41,0.56,12.6
"1518",6.5,0.53,0.06,2,0.063,29,44,0.99489,3.38,0.83,10.3
"1521",6.5,0.53,0.06,2,0.063,29,44,0.99489,3.38,0.83,10.3
"713",8.7,0.69,0,3.2,0.084,13,33,0.9992,3.36,0.45,9.4
"1280",9.8,0.3,0.39,1.7,0.062,3,9,0.9948,3.14,0.57,11.5
"150",8.2,0.4,0.44,2.8,0.089,11,43,0.9975,3.53,0.61,10.5
"319",9.8,0.66,0.39,3.2,0.083,21,59,0.9989,3.37,0.71,11.5
"321",9.8,0.66,0.39,3.2,0.083,21,59,0.9989,3.37,0.71,11.5
"948",8.3,0.28,0.48,2.1,0.093,6,12,0.99408,3.26,0.62,12.4
"952",8.3,0.28,0.48,2.1,0.093,6,12,0.99408,3.26,0.62,12.4
"1445",7.3,0.67,0.02,2.2,0.072,31,92,0.99566,3.32,0.68,11.1
"4",11.2,0.28,0.56,1.9,0.075,17,60,0.998,3.16,0.58,9.8
"1370",6.6,0.61,0,1.6,0.069,4,8,0.99396,3.33,0.37,10.4
"1584",6.2,0.46,0.29,2.1,0.074,32,98,0.99578,3.33,0.62,9.8
"98",7,0.5,0.25,2,0.07,3,22,0.9963,3.25,0.63,9.2
"723",7.6,0.42,0.08,2.7,0.084,15,48,0.9968,3.21,0.59,10
"1553",6.3,0.68,0.01,3.7,0.103,32,54,0.99586,3.51,0.66,11.3
"1205",7.2,0.36,0.46,2.1,0.074,24,44,0.99534,3.4,0.85,11
"1206",7.2,0.36,0.46,2.1,0.074,24,44,0.99534,3.4,0.85,11
"1207",7.2,0.36,0.46,2.1,0.074,24,44,0.99534,3.4,0.85,11
"1209",7.2,0.36,0.46,2.1,0.074,24,44,0.99534,3.4,0.85,11
"1231",7.7,0.18,0.34,2.7,0.066,15,58,0.9947,3.37,0.78,11.8
"1533",7.2,0.53,0.13,2,0.058,18,22,0.99573,3.21,0.68,9.9
"840",6,0.5,0.04,2.2,0.092,13,26,0.99647,3.46,0.47,10
"620",11.3,0.37,0.41,2.3,0.088,6,16,0.9988,3.09,0.8,9.3
"61",8.8,0.4,0.4,2.2,0.079,19,52,0.998,3.44,0.64,9.2
"1510",7.9,0.18,0.4,1.8,0.062,7,20,0.9941,3.28,0.7,11.1
"1358",7.3,0.43,0.24,2.5,0.078,27,67,0.99648,3.6,0.59,11.1
"415",8.8,0.52,0.34,2.7,0.087,24,122,0.9982,3.26,0.61,9.5
"1440",7.3,0.67,0.02,2.2,0.072,31,92,0.99566,3.32,0.68,11.0666666666667
"1534",8,0.39,0.3,1.9,0.074,32,84,0.99717,3.39,0.61,9
"519",10.9,0.21,0.49,2.8,0.088,11,32,0.9972,3.22,0.68,11.7
"463",11,0.26,0.68,2.55,0.085,10,25,0.997,3.18,0.61,11.8
"303",8.3,0.705,0.12,2.6,0.092,12,28,0.9994,3.51,0.72,10
"863",7.5,0.42,0.32,2.7,0.067,7,25,0.99628,3.24,0.44,10.4
"1084",8.7,0.42,0.45,2.4,0.072,32,59,0.99617,3.33,0.77,12
"639",7.7,0.915,0.12,2.2,0.143,7,23,0.9964,3.35,0.65,10.2
"1593",6.3,0.51,0.13,2.3,0.076,29,40,0.99574,3.42,0.75,11
"1597",6.3,0.51,0.13,2.3,0.076,29,40,0.99574,3.42,0.75,11
"138",7.2,0.415,0.36,2,0.081,13,45,0.9972,3.48,0.64,9.2
"587",11.1,0.31,0.49,2.7,0.094,16,47,0.9986,3.12,1.02,10.6
"1499",6.6,0.895,0.04,2.3,0.068,7,13,0.99582,3.53,0.58,10.8
"1038",7.3,0.91,0.1,1.8,0.074,20,56,0.99672,3.35,0.56,9.2
"1113",7.9,0.33,0.41,1.5,0.056,6,35,0.99396,3.29,0.71,11
"185",6.7,0.62,0.21,1.9,0.079,8,62,0.997,3.52,0.58,9.3
"590",10.2,0.29,0.49,2.6,0.059,5,13,0.9976,3.05,0.74,10.5
"381",8.3,0.26,0.42,2,0.08,11,27,0.9974,3.21,0.8,9.4
"383",8.3,0.26,0.42,2,0.08,11,27,0.9974,3.21,0.8,9.4
"384",8.3,0.26,0.42,2,0.08,11,27,0.9974,3.21,0.8,9.4
"793",7.1,0.61,0.02,2.5,0.081,17,87,0.99745,3.48,0.6,9.7
"130",6.1,0.38,0.15,1.8,0.072,6,19,0.9955,3.42,0.57,9.4
"1465",6.8,0.59,0.1,1.7,0.063,34,53,0.9958,3.41,0.67,9.7
"1466",6.8,0.59,0.1,1.7,0.063,34,53,0.9958,3.41,0.67,9.7
"1382",6.8,0.83,0.09,1.8,0.074,4,25,0.99534,3.38,0.45,9.6
"1557",6.6,0.88,0.04,2.2,0.066,12,20,0.99636,3.53,0.56,9.9
"1429",7.8,0.64,0,1.9,0.072,27,55,0.9962,3.31,0.63,11
"51",8.8,0.66,0.26,1.7,0.074,4,23,0.9971,3.15,0.74,9.2
"1240",6.5,0.67,0,4.3,0.057,11,20,0.99488,3.45,0.56,11.8
"1519",7.4,0.47,0.46,2.2,0.114,7,20,0.99647,3.32,0.63,10.5
"684",8.1,0.78,0.23,2.6,0.059,5,15,0.997,3.37,0.56,11.3
"686",8.1,0.78,0.23,2.6,0.059,5,15,0.997,3.37,0.56,11.3
"1495",6.4,0.31,0.09,1.4,0.066,15,28,0.99459,3.42,0.7,10
"488",10.2,0.645,0.36,1.8,0.053,5,14,0.9982,3.17,0.42,10
"648",8.3,0.845,0.01,2.2,0.07,5,14,0.9967,3.32,0.58,11
"1586",7.2,0.39,0.44,2.6,0.066,22,48,0.99494,3.3,0.84,11.5
"435",10.4,0.41,0.55,3.2,0.076,22,54,0.9996,3.15,0.89,9.9
"439",10.4,0.41,0.55,3.2,0.076,22,54,0.9996,3.15,0.89,9.9
"1244",8.3,0.56,0.22,2.4,0.082,10,86,0.9983,3.37,0.62,9.5
"1566",6.7,0.67,0.02,1.9,0.061,26,42,0.99489,3.39,0.82,10.9
"1583",6.1,0.715,0.1,2.6,0.053,13,27,0.99362,3.57,0.5,11.9
"570",6.2,0.36,0.24,2.2,0.095,19,42,0.9946,3.57,0.57,11.7
"572",6.2,0.36,0.24,2.2,0.095,19,42,0.9946,3.57,0.57,11.7
"856",7.6,0.735,0.02,2.5,0.071,10,14,0.99538,3.51,0.71,11.7
"22",7.6,0.39,0.31,2.3,0.082,23,71,0.9982,3.52,0.65,9.7
"99",7.6,0.9,0.06,2.5,0.079,5,10,0.9967,3.39,0.56,9.8
"23",7.9,0.43,0.21,1.6,0.106,10,37,0.9966,3.17,0.91,9.5
"28",7.9,0.43,0.21,1.6,0.106,10,37,0.9966,3.17,0.91,9.5
"846",6.4,0.64,0.21,1.8,0.081,14,31,0.99689,3.59,0.66,9.8
"847",6.4,0.64,0.21,1.8,0.081,14,31,0.99689,3.59,0.66,9.8
"849",6.4,0.64,0.21,1.8,0.081,14,31,0.99689,3.59,0.66,9.8
"1385",7.1,0.755,0.15,1.8,0.107,20,84,0.99593,3.19,0.5,9.5
"1544",11.1,0.44,0.42,2.2,0.064,14,19,0.99758,3.25,0.57,10.4
"333",8,0.58,0.28,3.2,0.066,21,114,0.9973,3.22,0.54,9.4
"866",7.2,0.635,0.07,2.6,0.077,16,86,0.99748,3.51,0.54,9.7
"328",10.3,0.44,0.5,4.5,0.107,5,13,0.998,3.28,0.83,11.5
"632",10.4,0.28,0.54,2.7,0.105,5,19,0.9988,3.25,0.63,9.5
"1073",7.2,0.35,0.26,1.8,0.083,33,75,0.9968,3.4,0.58,9.5
"979",7,0.4,0.32,3.6,0.061,9,29,0.99416,3.28,0.49,11.3
"184",6.8,0.61,0.2,1.8,0.077,11,65,0.9971,3.54,0.58,9.3
"1337",6,0.5,0,1.4,0.057,15,26,0.99448,3.36,0.45,9.5
"1338",6,0.5,0,1.4,0.057,15,26,0.99448,3.36,0.45,9.5
"1339",6,0.5,0,1.4,0.057,15,26,0.99448,3.36,0.45,9.5
"728",6.4,0.57,0.02,1.8,0.067,4,11,0.997,3.46,0.68,9.5
"729",6.4,0.57,0.02,1.8,0.067,4,11,0.997,3.46,0.68,9.5
"1522",6.9,0.48,0.2,1.9,0.082,9,23,0.99585,3.39,0.43,9.05
"408",12,0.39,0.66,3,0.093,12,30,0.9996,3.18,0.63,10.8
"955",7.6,0.43,0.4,2.7,0.082,6,11,0.99538,3.44,0.54,12.2
"1215",10.2,0.33,0.46,1.9,0.081,6,9,0.99628,3.1,0.48,10.4
"168",7.3,0.55,0.03,1.6,0.072,17,42,0.9956,3.37,0.48,9
"1096",9.4,0.4,0.47,2.5,0.087,6,20,0.99772,3.15,0.5,10.5
"641",9.9,0.54,0.45,2.3,0.071,16,40,0.9991,3.39,0.62,9.4
"643",9.9,0.54,0.45,2.3,0.071,16,40,0.9991,3.39,0.62,9.4
"645",9.9,0.54,0.45,2.3,0.071,16,40,0.9991,3.39,0.62,9.4
"1145",7.3,0.32,0.23,2.3,0.066,35,70,0.99588,3.43,0.62,10.1
"1462",6.2,0.785,0,2.1,0.06,6,13,0.99664,3.59,0.61,10
"699",9.4,0.615,0.28,3.2,0.087,18,72,1.0001,3.31,0.53,9.7
"1026",8.6,0.83,0,2.8,0.095,17,43,0.99822,3.33,0.6,10.4
"136",8.4,0.745,0.11,1.9,0.09,16,63,0.9965,3.19,0.82,9.6
"141",8.4,0.745,0.11,1.9,0.09,16,63,0.9965,3.19,0.82,9.6
"1286",11.3,0.37,0.5,1.8,0.09,20,47,0.99734,3.15,0.57,10.5
"704",7.5,0.38,0.48,2.6,0.073,22,84,0.9972,3.32,0.7,9.6
"747",8.2,0.34,0.38,2.5,0.08,12,57,0.9978,3.3,0.47,9
"1088",7.9,0.19,0.42,1.6,0.057,18,30,0.994,3.29,0.69,11.2
"1365",7.2,0.605,0.02,1.9,0.096,10,31,0.995,3.46,0.53,11.8
"940",6.2,0.46,0.17,1.6,0.073,7,11,0.99425,3.61,0.54,11.4
"1111",8.3,0.53,0,1.4,0.07,6,14,0.99593,3.25,0.64,10
"936",8.8,0.3,0.38,2.3,0.06,19,72,0.99543,3.39,0.72,11.8
"937",8.8,0.3,0.38,2.3,0.06,19,72,0.99543,3.39,0.72,11.8
"1143",6.9,0.45,0.11,2.4,0.043,6,12,0.99354,3.3,0.65,11.4
"788",10,0.56,0.24,2.2,0.079,19,58,0.9991,3.18,0.56,10.1
"789",10,0.56,0.24,2.2,0.079,19,58,0.9991,3.18,0.56,10.1
"358",10.5,0.42,0.66,2.95,0.116,12,29,0.997,3.24,0.75,11.7
"260",10,0.31,0.47,2.6,0.085,14,33,0.99965,3.36,0.8,10.5
"588",7.3,0.73,0.24,1.9,0.108,18,102,0.9967,3.26,0.59,9.3
"1062",9.1,0.4,0.5,1.8,0.071,7,16,0.99462,3.21,0.69,12.5
"1077",9.9,0.32,0.56,2,0.073,3,8,0.99534,3.15,0.73,11.4
"1366",7.8,0.5,0.09,2.2,0.115,10,42,0.9971,3.18,0.62,9.5
"55",7.6,0.51,0.15,2.8,0.11,33,73,0.9955,3.17,0.63,10.2
"398",11.5,0.59,0.59,2.6,0.087,13,49,0.9988,3.18,0.65,11
"399",11.5,0.59,0.59,2.6,0.087,13,49,0.9988,3.18,0.65,11
"359",11.9,0.43,0.66,3.1,0.109,10,23,1,3.15,0.85,10.4
"850",6.4,0.63,0.21,1.6,0.08,12,32,0.99689,3.58,0.66,9.8
"864",7.2,0.62,0.06,2.5,0.078,17,84,0.99746,3.51,0.53,9.7
"111",7.8,0.56,0.19,1.8,0.104,12,47,0.9964,3.19,0.93,9.5
"115",7.8,0.56,0.19,1.8,0.104,12,47,0.9964,3.19,0.93,9.5
"1424",6.4,0.53,0.09,3.9,0.123,14,31,0.9968,3.5,0.67,11
"1263",9.8,0.45,0.38,2.5,0.081,34,66,0.99726,3.15,0.58,9.8
"740",9,0.69,0,2.4,0.088,19,38,0.999,3.35,0.6,9.3
"607",9.4,0.41,0.48,4.6,0.072,10,20,0.9973,3.34,0.79,12.2
"446",9.5,0.735,0.1,2.1,0.079,6,31,0.9986,3.23,0.56,10.1
"424",10.5,0.24,0.47,2.1,0.066,6,24,0.9978,3.15,0.9,11
"431",10.5,0.24,0.47,2.1,0.066,6,24,0.9978,3.15,0.9,11
"26",6.3,0.39,0.16,1.4,0.08,11,23,0.9955,3.34,0.56,9.3
"1398",7.3,0.59,0.26,2,0.08,17,104,0.99584,3.28,0.52,9.9
"577",9.9,0.5,0.24,2.3,0.103,6,14,0.9978,3.34,0.52,10
"841",11.1,0.42,0.47,2.65,0.085,9,34,0.99736,3.24,0.77,12.1
"217",8.7,0.625,0.16,2,0.101,13,49,0.9962,3.14,0.57,11
"1345",11.5,0.42,0.48,2.6,0.077,8,20,0.99852,3.09,0.53,11
"1351",9,0.6,0.29,2,0.069,32,73,0.99654,3.34,0.57,10
"1364",8,0.83,0.27,2,0.08,11,63,0.99652,3.29,0.48,9.8
"1016",10.5,0.39,0.46,2.2,0.075,14,27,0.99598,3.06,0.84,11.4
"1460",7.9,0.2,0.35,1.7,0.054,7,15,0.99458,3.32,0.8,11.9
"123",7.3,0.695,0,2.5,0.075,3,13,0.998,3.49,0.52,9.2
"1450",7.2,0.38,0.31,2,0.056,15,29,0.99472,3.23,0.76,11.3
"1555",6.6,0.855,0.02,2.4,0.062,15,23,0.99627,3.54,0.6,11
"1558",6.6,0.855,0.02,2.4,0.062,15,23,0.99627,3.54,0.6,11
"230",6.9,0.52,0.25,2.6,0.081,10,37,0.99685,3.46,0.5,11
"234",6.9,0.52,0.25,2.6,0.081,10,37,0.99685,3.46,0.5,11
"486",10.2,0.67,0.39,1.9,0.054,6,17,0.9976,3.17,0.47,10
"487",10.2,0.67,0.39,1.9,0.054,6,17,0.9976,3.17,0.47,10
"672",8.2,0.73,0.21,1.7,0.074,5,13,0.9968,3.2,0.52,9.5
"674",8.2,0.73,0.21,1.7,0.074,5,13,0.9968,3.2,0.52,9.5
"174",7.4,0.62,0.05,1.9,0.068,24,42,0.9961,3.42,0.57,11.5
"48",8.7,0.29,0.52,1.6,0.113,12,37,0.9969,3.25,0.58,9.5
"1493",6.2,0.65,0.06,1.6,0.05,6,18,0.99348,3.57,0.54,11.95
"1490",6.2,0.57,0.1,2.1,0.048,4,11,0.99448,3.44,0.76,10.8
"167",6.8,0.64,0.1,2.1,0.085,18,101,0.9956,3.34,0.52,10.2
"53",6.6,0.5,0.04,2.1,0.068,6,14,0.9955,3.39,0.64,9.4
"1258",7,0.58,0.28,4.8,0.085,12,69,0.99633,3.32,0.7,11
"205",7,0.43,0.36,1.6,0.089,14,37,0.99615,3.34,0.56,9.2
"1501",7.5,0.725,0.04,1.5,0.076,8,15,0.99508,3.26,0.53,9.6
"603",7.7,0.835,0,2.6,0.081,6,14,0.9975,3.3,0.52,9.3
"1216",8.8,0.27,0.46,2.1,0.095,20,29,0.99488,3.26,0.56,11.3
"908",6.1,0.56,0,2.2,0.079,6,9,0.9948,3.59,0.54,11.5
"60",7.3,0.39,0.31,2.4,0.074,9,46,0.9962,3.41,0.54,9.4
"662",7.5,0.42,0.31,1.6,0.08,15,42,0.9978,3.31,0.64,9
"1163",8.5,0.32,0.42,2.3,0.075,12,19,0.99434,3.14,0.71,11.8
"683",8.5,0.46,0.31,2.25,0.078,32,58,0.998,3.33,0.54,9.8
"1454",7.6,0.49,0.33,1.9,0.074,27,85,0.99706,3.41,0.58,9
"1458",7.6,0.49,0.33,1.9,0.074,27,85,0.99706,3.41,0.58,9
"393",9.5,0.37,0.52,2,0.082,6,26,0.998,3.18,0.51,9.5
"1256",6.1,0.64,0.02,2.4,0.069,26,46,0.99358,3.47,0.45,11
"1425",8.3,0.26,0.37,1.4,0.076,8,23,0.9974,3.26,0.7,9.6
"1426",8.3,0.26,0.37,1.4,0.076,8,23,0.9974,3.26,0.7,9.6
"1083",7.2,0.38,0.3,1.8,0.073,31,70,0.99685,3.42,0.59,9.5
"1085",7.2,0.38,0.3,1.8,0.073,31,70,0.99685,3.42,0.59,9.5
"1548",6.3,0.6,0.1,1.6,0.048,12,26,0.99306,3.55,0.51,12.1
"946",10.2,0.44,0.42,2,0.071,7,20,0.99566,3.14,0.79,11.1
"223",6.8,0.61,0.04,1.5,0.057,5,10,0.99525,3.42,0.6,9.5
"945",8.3,0.3,0.49,3.8,0.09,11,24,0.99498,3.27,0.64,12.1
"718",7.6,0.46,0.11,2.6,0.079,12,49,0.9968,3.21,0.57,10
"75",9.7,0.32,0.54,2.5,0.094,28,83,0.9984,3.28,0.82,9.6
"204",7,0.42,0.35,1.6,0.088,16,39,0.9961,3.34,0.55,9.2
"72",7.7,0.67,0.23,2.1,0.088,17,96,0.9962,3.32,0.48,9.5
"1321",9.7,0.66,0.34,2.6,0.094,12,88,0.99796,3.26,0.66,10.1
"218",8.1,0.725,0.22,2.2,0.072,11,41,0.9967,3.36,0.55,9.1
"1395",6.4,0.57,0.14,3.9,0.07,27,73,0.99669,3.32,0.48,9.2
"1496",7,0.43,0.02,1.9,0.08,15,28,0.99492,3.35,0.81,10.6
"956",8.5,0.21,0.52,1.9,0.09,9,23,0.99648,3.36,0.67,10.4
"8",7.3,0.65,0,1.2,0.065,15,21,0.9946,3.39,0.47,10
"1067",6.6,0.52,0.08,2.4,0.07,13,26,0.99358,3.4,0.72,12.5
"1054",8.3,0.33,0.42,2.3,0.07,9,20,0.99426,3.38,0.77,12.7
"574",10.5,0.59,0.49,2.1,0.07,14,47,0.9991,3.3,0.56,9.6
"689",7.7,0.66,0.04,1.6,0.039,4,9,0.9962,3.4,0.47,9.4
"1545",8.4,0.37,0.43,2.3,0.063,12,19,0.9955,3.17,0.81,11.2
"1015",8,0.58,0.16,2,0.12,3,7,0.99454,3.22,0.58,11.2
"322",9.3,0.61,0.26,3.4,0.09,25,87,0.99975,3.24,0.62,9.7
"1273",5.9,0.46,0,1.9,0.077,25,44,0.99385,3.5,0.53,11.2
"1506",6.7,0.76,0.02,1.8,0.078,6,12,0.996,3.55,0.63,9.95
"893",10.1,0.45,0.23,1.9,0.082,10,18,0.99774,3.22,0.65,9.3
"353",7.7,0.665,0,2.4,0.09,8,19,0.9974,3.27,0.73,9.3
"1441",7.2,0.37,0.32,2,0.062,15,28,0.9947,3.23,0.73,11.3
"1451",7.2,0.37,0.32,2,0.062,15,28,0.9947,3.23,0.73,11.3
"313",9,0.46,0.31,2.8,0.093,19,98,0.99815,3.32,0.63,9.5
"990",9.7,0.295,0.4,1.5,0.073,14,21,0.99556,3.14,0.51,10.9
"480",9.4,0.685,0.11,2.7,0.077,6,31,0.9984,3.19,0.7,10.1
"1542",7.4,0.25,0.29,2.2,0.054,19,49,0.99666,3.4,0.76,10.9
"1141",7.3,0.4,0.3,1.7,0.08,33,79,0.9969,3.41,0.65,9.5
"242",12,0.38,0.56,2.1,0.093,6,24,0.99925,3.14,0.71,10.9
"1595",6.2,0.6,0.08,2,0.09,32,44,0.9949,3.45,0.58,10.5
"1237",7.8,0.55,0,1.7,0.07,7,17,0.99659,3.26,0.64,9.4
"1070",8,0.62,0.35,2.8,0.086,28,52,0.997,3.31,0.62,10.8
"402",7.7,0.26,0.3,1.7,0.059,20,38,0.9949,3.29,0.47,10.8
"543",9.3,0.715,0.24,2.1,0.07,5,20,0.9966,3.12,0.59,9.9
"1539",6.2,0.64,0.09,2.5,0.081,15,26,0.99538,3.57,0.63,12
"875",10.4,0.38,0.46,2.1,0.104,6,10,0.99664,3.12,0.65,11.8
"248",8.2,0.6,0.17,2.3,0.072,11,73,0.9963,3.2,0.45,9.3
"961",8.5,0.47,0.27,1.9,0.058,18,38,0.99518,3.16,0.85,11.1
"965",8.5,0.47,0.27,1.9,0.058,18,38,0.99518,3.16,0.85,11.1
"1418",7.3,0.34,0.33,2.5,0.064,21,37,0.9952,3.35,0.77,12.1
"1369",8,0.77,0.32,2.1,0.079,16,74,0.99656,3.27,0.5,9.8
"337",8.9,0.43,0.45,1.9,0.052,6,16,0.9948,3.35,0.7,12.5
"758",8.1,0.87,0,2.2,0.084,10,31,0.99656,3.25,0.5,9.8
"759",8.1,0.87,0,2.2,0.084,10,31,0.99656,3.25,0.5,9.8
"743",6.5,0.615,0,1.9,0.065,9,18,0.9972,3.46,0.65,9.2
"889",6.8,0.57,0,2.5,0.072,32,64,0.99491,3.43,0.56,11.2
"930",8.7,0.33,0.38,3.3,0.063,10,19,0.99468,3.3,0.73,12
"547",7.5,0.55,0.24,2,0.078,10,28,0.9983,3.45,0.78,9.5
"1265",8.5,0.37,0.32,1.8,0.066,26,51,0.99456,3.38,0.72,11.8
"1150",10,0.35,0.47,2,0.061,6,11,0.99585,3.23,0.52,12
"1136",8,0.25,0.43,1.7,0.067,22,50,0.9946,3.38,0.6,11.9
"802",8.6,0.55,0.09,3.3,0.068,8,17,0.99735,3.23,0.44,10
"605",8.3,0.58,0.13,2.9,0.096,14,63,0.9984,3.17,0.62,9.1
"366",10,0.42,0.5,3.4,0.107,7,21,0.9979,3.26,0.93,11.8
"289",8.7,0.52,0.09,2.5,0.091,20,49,0.9976,3.34,0.86,10.6
"291",8.7,0.52,0.09,2.5,0.091,20,49,0.9976,3.34,0.86,10.6
"835",8.8,0.685,0.26,1.6,0.088,16,23,0.99694,3.32,0.47,9.4
"1109",8.1,0.78,0.1,3.3,0.09,4,13,0.99855,3.36,0.49,9.5
"1406",7.7,0.28,0.3,2,0.062,18,34,0.9952,3.28,0.9,11.3
"823",6.7,0.54,0.13,2,0.076,15,36,0.9973,3.61,0.64,9.8
"824",6.7,0.54,0.13,2,0.076,15,36,0.9973,3.61,0.64,9.8
"461",9.2,0.43,0.52,2.3,0.083,14,23,0.9976,3.35,0.61,11.3
"1174",7.6,0.36,0.31,1.7,0.079,26,65,0.99716,3.46,0.62,9.5
"1175",7.6,0.36,0.31,1.7,0.079,26,65,0.99716,3.46,0.62,9.5
"688",9.1,0.64,0.23,3.1,0.095,13,38,0.9998,3.28,0.59,9.7
"580",10.6,0.31,0.49,2.2,0.063,18,40,0.9976,3.14,0.51,9.8
"73",7.7,0.69,0.22,1.9,0.084,18,94,0.9961,3.31,0.48,9.5
"705",9.1,0.765,0.04,1.6,0.078,4,14,0.998,3.29,0.54,9.7
"715",9.9,0.74,0.28,2.6,0.078,21,77,0.998,3.28,0.51,9.8
"874",9.1,0.21,0.37,1.6,0.067,6,10,0.99552,3.23,0.58,11.1
"891",7.2,0.34,0.24,2,0.071,30,52,0.99576,3.44,0.58,10.1
"1105",8,0.48,0.34,2.2,0.073,16,25,0.9936,3.28,0.66,12.4
"881",9.2,0.56,0.18,1.6,0.078,10,21,0.99576,3.15,0.49,9.9
"748",8.6,0.33,0.4,2.6,0.083,16,68,0.99782,3.3,0.48,9.4
"52",6.6,0.52,0.04,2.2,0.069,8,15,0.9956,3.4,0.63,9.4
"380",8.3,0.42,0.38,2.5,0.094,24,60,0.9979,3.31,0.7,10.8
"1324",9.1,0.36,0.39,1.8,0.06,21,55,0.99495,3.18,0.82,11
"342",10.6,0.42,0.48,2.7,0.065,5,18,0.9972,3.21,0.87,11.3
"406",8.7,0.31,0.46,1.4,0.059,11,25,0.9966,3.36,0.76,10.1
"293",10.4,0.55,0.23,2.7,0.091,18,48,0.9994,3.22,0.64,10.3
"1484",8.1,0.33,0.44,1.5,0.042,6,12,0.99542,3.35,0.61,10.7
"964",8.8,0.27,0.39,2,0.1,20,27,0.99546,3.15,0.69,11.2
"735",7.7,0.56,0.2,2,0.075,9,39,0.9987,3.48,0.62,9.3
"1537",6.1,0.53,0.08,1.9,0.077,24,45,0.99528,3.6,0.68,10.3
"873",7.3,0.35,0.24,2,0.067,28,48,0.99576,3.43,0.54,10
"273",10.9,0.37,0.58,4,0.071,17,65,0.99935,3.22,0.78,10.1
"349",9.6,0.56,0.31,2.8,0.089,15,46,0.9979,3.11,0.92,10
"1162",8.8,0.45,0.43,1.4,0.076,12,21,0.99551,3.21,0.75,10.2
"1243",9,0.4,0.41,2,0.058,15,40,0.99414,3.22,0.6,12.2
"827",7.5,0.27,0.34,2.3,0.05,4,8,0.9951,3.4,0.64,11
"786",9.9,0.35,0.41,2.3,0.083,11,61,0.9982,3.21,0.5,9.5
"787",9.9,0.35,0.41,2.3,0.083,11,61,0.9982,3.21,0.5,9.5
"1532",6.1,0.705,0.1,2.8,0.081,13,28,0.99631,3.6,0.66,10.2
"1269",6.9,0.41,0.31,2,0.079,21,51,0.99668,3.47,0.55,9.5
"933",7.6,0.4,0.29,1.9,0.078,29,66,0.9971,3.45,0.59,9.5
"1488",6,0.64,0.05,1.9,0.066,9,17,0.99496,3.52,0.78,10.6
"1196",6.2,0.43,0.22,1.8,0.078,21,56,0.99633,3.52,0.6,9.5
"700",11.8,0.38,0.55,2.1,0.071,5,19,0.9986,3.11,0.62,10.8
"474",9.9,0.35,0.55,2.1,0.062,5,14,0.9971,3.26,0.79,10.6
"957",9,0.36,0.52,2.1,0.111,5,10,0.99568,3.31,0.62,11.3
"491",9.3,0.775,0.27,2.8,0.078,24,56,0.9984,3.31,0.67,10.6
"901",8.9,0.31,0.36,2.6,0.056,10,39,0.99562,3.4,0.69,11.8
"253",11.1,0.35,0.48,3.1,0.09,5,21,0.9986,3.17,0.53,10.5
"1529",7.9,0.29,0.49,2.2,0.096,21,59,0.99714,3.31,0.67,10.1
"116",9.4,0.4,0.31,2.2,0.09,13,62,0.9966,3.07,0.63,10.5
"530",9.9,0.63,0.24,2.4,0.077,6,33,0.9974,3.09,0.57,9.4
"537",9.9,0.63,0.24,2.4,0.077,6,33,0.9974,3.09,0.57,9.4
"791",7.4,0.37,0.43,2.6,0.082,18,82,0.99708,3.33,0.68,9.7
"608",8.8,0.48,0.41,3.3,0.092,26,52,0.9982,3.31,0.53,10.5
"90",7,0.62,0.08,1.8,0.076,8,24,0.9978,3.48,0.53,9
"591",9,0.45,0.49,2.6,0.084,21,75,0.9987,3.35,0.57,9.7
"593",9,0.45,0.49,2.6,0.084,21,75,0.9987,3.35,0.57,9.7
"1223",8.1,0.53,0.22,2.2,0.078,33,89,0.99678,3.26,0.46,9.6
"1383",8,0.6,0.22,2.1,0.08,25,105,0.99613,3.3,0.49,9.9
"1384",8,0.6,0.22,2.1,0.08,25,105,0.99613,3.3,0.49,9.9
"1507",6.8,0.81,0.05,2,0.07,6,14,0.99562,3.51,0.66,10.8
"913",10,0.46,0.44,2.9,0.065,4,8,0.99674,3.33,0.62,12.2
"69",9.3,0.32,0.57,2,0.074,27,65,0.9969,3.28,0.79,10.7
"175",7.3,0.38,0.21,2,0.08,7,35,0.9961,3.33,0.47,9.5
"177",7.3,0.38,0.21,2,0.08,7,35,0.9961,3.33,0.47,9.5
"1353",7.6,0.645,0.03,1.9,0.086,14,57,0.9969,3.37,0.46,10.3
"1354",7.6,0.645,0.03,1.9,0.086,14,57,0.9969,3.37,0.46,10.3
"1513",6.4,0.79,0.04,2.2,0.061,11,17,0.99588,3.53,0.65,10.4
"909",7.4,0.52,0.13,2.4,0.078,34,61,0.99528,3.43,0.59,10.8
"1304",8,0.28,0.44,1.8,0.081,28,68,0.99501,3.36,0.66,11.2
"627",8.8,0.6,0.29,2.2,0.098,5,15,0.9988,3.36,0.49,9.1
"628",8.8,0.6,0.29,2.2,0.098,5,15,0.9988,3.36,0.49,9.1
"1202",7.9,0.34,0.36,1.9,0.065,5,10,0.99419,3.27,0.54,11.2
"767",8.8,0.59,0.18,2.9,0.089,12,74,0.99738,3.14,0.54,9.4
"1164",9,0.785,0.24,1.7,0.078,10,21,0.99692,3.29,0.67,10
"1165",9,0.785,0.24,1.7,0.078,10,21,0.99692,3.29,0.67,10
"307",7.6,0.62,0.32,2.2,0.082,7,54,0.9966,3.36,0.52,9.4
"1003",9.1,0.29,0.33,2.05,0.063,13,27,0.99516,3.26,0.84,11.7
"1007",9.1,0.29,0.33,2.05,0.063,13,27,0.99516,3.26,0.84,11.7
"1448",6.8,0.67,0,1.9,0.08,22,39,0.99701,3.4,0.74,9.7
"258",6.6,0.695,0,2.1,0.075,12,56,0.9968,3.49,0.67,9.2
"1444",6.9,0.58,0.2,1.75,0.058,8,22,0.99322,3.38,0.49,11.7
"746",7.3,0.51,0.18,2.1,0.07,12,28,0.99768,3.52,0.73,9.5
"750",7.3,0.51,0.18,2.1,0.07,12,28,0.99768,3.52,0.73,9.5
"114",10.1,0.31,0.44,2.3,0.08,22,46,0.9988,3.32,0.67,9.7
"1348",7.2,0.655,0.03,1.8,0.078,7,12,0.99587,3.34,0.39,9.5
"1349",7.2,0.655,0.03,1.8,0.078,7,12,0.99587,3.34,0.39,9.5
"548",10.6,0.31,0.49,2.5,0.067,6,21,0.9987,3.26,0.86,10.7
"1173",9.7,0.42,0.46,2.1,0.074,5,16,0.99649,3.27,0.74,12.3
"879",8.8,0.61,0.19,4,0.094,30,69,0.99787,3.22,0.5,10
"885",8.8,0.61,0.19,4,0.094,30,69,0.99787,3.22,0.5,10
"45",6.8,0.67,0.02,1.8,0.05,5,11,0.9962,3.48,0.52,9.5
"271",7.9,0.545,0.06,4,0.087,27,61,0.9965,3.36,0.67,10.7
"276",7.9,0.545,0.06,4,0.087,27,61,0.9965,3.36,0.67,10.7
"963",6.6,0.57,0.02,2.1,0.115,6,16,0.99654,3.38,0.69,9.5
"1551",7.1,0.68,0,2.3,0.087,17,26,0.99783,3.45,0.53,9.5
"1031",7.1,0.59,0,2.1,0.091,9,14,0.99488,3.42,0.55,11.5
"1307",9.7,0.69,0.32,2.5,0.088,22,91,0.9979,3.29,0.62,10.1
"1309",9.7,0.69,0.32,2.5,0.088,22,91,0.9979,3.29,0.62,10.1
"1259",6.8,0.64,0,2.7,0.123,15,33,0.99538,3.44,0.63,11.3
"1260",6.8,0.64,0,2.7,0.123,15,33,0.99538,3.44,0.63,11.3
"877",7.1,0.47,0,2.2,0.067,7,14,0.99517,3.4,0.58,10.9
"839",10.1,0.31,0.35,1.6,0.075,9,28,0.99672,3.24,0.83,11.2
"294",6.9,0.36,0.25,2.4,0.098,5,16,0.9964,3.41,0.6,10.1
"1272",7.3,0.44,0.2,1.6,0.049,24,64,0.9935,3.38,0.57,11.7
"330",10.7,0.46,0.39,2,0.061,7,15,0.9981,3.18,0.62,9.5
"799",9.4,0.5,0.34,3.6,0.082,5,14,0.9987,3.29,0.52,10.7
"800",9.4,0.5,0.34,3.6,0.082,5,14,0.9987,3.29,0.52,10.7
"1253",7.1,0.72,0,1.8,0.123,6,14,0.99627,3.45,0.58,9.8
"457",8.9,0.59,0.39,2.3,0.095,5,22,0.9986,3.37,0.58,10.3
"1443",6.9,0.63,0.02,1.9,0.078,18,30,0.99712,3.4,0.75,9.8
"1447",6.9,0.63,0.02,1.9,0.078,18,30,0.99712,3.4,0.75,9.8
"68",6.6,0.705,0.07,1.6,0.076,6,15,0.9962,3.44,0.58,10.7
"763",8.8,0.7,0,1.7,0.069,8,19,0.99701,3.31,0.53,10
"714",8,0.43,0.36,2.3,0.075,10,48,0.9976,3.34,0.46,9.4
"717",8,0.43,0.36,2.3,0.075,10,48,0.9976,3.34,0.46,9.4
"814",6.9,0.39,0.24,2.1,0.102,4,7,0.99462,3.44,0.58,11.4
"851",9.3,0.43,0.44,1.9,0.085,9,22,0.99708,3.28,0.55,9.5
"852",9.3,0.43,0.44,1.9,0.085,9,22,0.99708,3.28,0.55,9.5
"222",7.4,0.53,0.26,2,0.101,16,72,0.9957,3.15,0.57,9.4
"675",10.8,0.4,0.41,2.2,0.084,7,17,0.9984,3.08,0.67,9.3
"677",10.8,0.4,0.41,2.2,0.084,7,17,0.9984,3.08,0.67,9.3
"1538",5.4,0.58,0.08,1.9,0.059,20,31,0.99484,3.5,0.64,10.2
"1098",8.6,0.52,0.38,1.5,0.096,5,18,0.99666,3.2,0.52,9.4
"1100",8.6,0.52,0.38,1.5,0.096,5,18,0.99666,3.2,0.52,9.4
"1291",7.6,0.74,0,1.9,0.1,6,12,0.99521,3.36,0.59,11
"1525",6,0.42,0.19,2,0.075,22,47,0.99522,3.39,0.78,10
"263",8,0.52,0.03,1.7,0.07,10,35,0.99575,3.34,0.57,10
"79",6.7,0.75,0.12,2,0.086,12,80,0.9958,3.38,0.52,10.1
"405",7.7,0.69,0.05,2.7,0.075,15,27,0.9974,3.26,0.61,9.1
"411",9,0.43,0.34,2.5,0.08,26,86,0.9987,3.38,0.62,9.5
"1008",9.1,0.3,0.34,2,0.064,12,25,0.99516,3.26,0.84,11.7
"56",7.7,0.62,0.04,3.8,0.084,25,45,0.9978,3.34,0.53,9.5
"1434",6.1,0.4,0.16,1.8,0.069,11,25,0.9955,3.42,0.74,10.1
"209",7.8,0.44,0.28,2.7,0.1,18,95,0.9966,3.22,0.67,9.4
"221",7.8,0.34,0.37,2,0.082,24,58,0.9964,3.34,0.59,9.4
"1298",7.2,0.53,0.14,2.1,0.064,15,29,0.99323,3.35,0.61,12.1
"257",9.4,0.34,0.37,2.2,0.075,5,13,0.998,3.22,0.62,9.2
"1310",7,0.62,0.1,1.4,0.071,27,63,0.996,3.28,0.61,9.2
"1124",10.7,0.4,0.37,1.9,0.081,17,29,0.99674,3.12,0.65,11.2
"179",7,0.805,0,2.5,0.068,7,20,0.9969,3.48,0.56,9.6
"6",7.4,0.66,0,1.8,0.075,13,40,0.9978,3.51,0.56,9.4
"338",7.8,0.43,0.32,2.8,0.08,29,58,0.9974,3.31,0.64,10.3
"1439",7,0.59,0,1.7,0.052,3,8,0.996,3.41,0.47,10.3
"404",11.4,0.6,0.49,2.7,0.085,10,41,0.9994,3.15,0.63,10.5
"1217",7.9,0.57,0.31,2,0.079,10,79,0.99677,3.29,0.69,9.5
"966",8.3,0.34,0.4,2.4,0.065,24,48,0.99554,3.34,0.86,11
"228",9,0.82,0.14,2.6,0.089,9,23,0.9984,3.39,0.63,9.8
"1094",9.2,0.31,0.36,2.2,0.079,11,31,0.99615,3.33,0.86,12
"1549",11.2,0.4,0.5,2,0.099,19,50,0.99783,3.1,0.58,10.4
"887",9,0.8,0.12,2.4,0.083,8,28,0.99836,3.33,0.65,10.4
"1283",7.9,0.765,0,2,0.084,9,22,0.99619,3.33,0.68,10.9
"897",8.3,0.31,0.39,2.4,0.078,17,43,0.99444,3.31,0.77,12.5
"899",8.3,0.31,0.39,2.4,0.078,17,43,0.99444,3.31,0.77,12.5
"1264",8.2,0.78,0,2.2,0.089,13,26,0.9978,3.37,0.46,9.6
"925",8.6,0.47,0.27,2.3,0.055,14,28,0.99516,3.18,0.8,11.2
"929",8.6,0.47,0.27,2.3,0.055,14,28,0.99516,3.18,0.8,11.2
"432",7.8,0.55,0.35,2.2,0.074,21,66,0.9974,3.25,0.56,9.2
"105",7.2,0.49,0.24,2.2,0.07,5,36,0.996,3.33,0.48,9.4
"811",7.3,0.49,0.1,2.6,0.068,4,14,0.99562,3.3,0.47,10.5
"1278",7,0.69,0,1.9,0.114,3,10,0.99636,3.35,0.6,9.7
"1580",6.2,0.56,0.09,1.7,0.053,24,32,0.99402,3.54,0.6,11.3
"1582",6.2,0.56,0.09,1.7,0.053,24,32,0.99402,3.54,0.6,11.3
"251",10.8,0.32,0.44,1.6,0.063,16,37,0.9985,3.22,0.78,10
"1017",8.9,0.38,0.4,2.2,0.068,12,28,0.99486,3.27,0.75,12.6
"551",6.8,0.51,0.01,2.1,0.074,9,25,0.9958,3.33,0.56,9.5
"203",6.8,0.5,0.11,1.5,0.075,16,49,0.99545,3.36,0.79,9.5
"1550",7.4,0.36,0.3,1.8,0.074,17,24,0.99419,3.24,0.7,11.4
"1",7.4,0.7,0,1.9,0.076,11,34,0.9978,3.51,0.56,9.4
"5",7.4,0.7,0,1.9,0.076,11,34,0.9978,3.51,0.56,9.4
"749",7.2,0.5,0.18,2.1,0.071,12,31,0.99761,3.52,0.72,9.6
"902",7.4,0.635,0.1,2.4,0.08,16,33,0.99736,3.58,0.69,10.8
"903",7.4,0.635,0.1,2.4,0.08,16,33,0.99736,3.58,0.69,10.8
"959",6.4,0.57,0.12,2.3,0.12,25,36,0.99519,3.47,0.71,11.3
"1275",7.8,0.58,0.13,2.1,0.102,17,36,0.9944,3.24,0.53,11.2
"817",9.8,0.51,0.19,3.2,0.081,8,30,0.9984,3.23,0.58,10.5
"907",7.2,0.54,0.27,2.6,0.084,12,78,0.9964,3.39,0.71,11
"176",6.9,0.5,0.04,1.5,0.085,19,49,0.9958,3.35,0.78,9.5
"813",10.8,0.45,0.33,2.5,0.099,20,38,0.99818,3.24,0.71,10.8
"816",10.8,0.45,0.33,2.5,0.099,20,38,0.99818,3.24,0.71,10.8
"819",7.1,0.715,0,2.35,0.071,21,47,0.99632,3.29,0.45,9.4
"1552",7.1,0.67,0,2.3,0.083,18,27,0.99768,3.44,0.54,9.4
"288",7.5,0.4,0.12,3,0.092,29,53,0.9967,3.37,0.7,10.3
"868",6.9,0.51,0.23,2,0.072,13,22,0.99438,3.4,0.84,11.2
"78",6.8,0.785,0,2.4,0.104,14,30,0.9966,3.52,0.55,10.7
"1239",8.1,0.73,0,2.5,0.081,12,24,0.99798,3.38,0.46,9.6
"215",7.8,0.735,0.08,2.4,0.092,10,41,0.9974,3.24,0.71,9.8
"1009",8.9,0.35,0.4,3.6,0.11,12,24,0.99549,3.23,0.7,12
"120",7,0.69,0.08,1.8,0.097,22,89,0.9959,3.34,0.54,9.2
"37",7.8,0.6,0.14,2.4,0.086,3,15,0.9975,3.42,0.6,10.8
"1195",7,0.745,0.12,1.8,0.114,15,64,0.99588,3.22,0.59,9.5
"733",7.3,0.835,0.03,2.1,0.092,10,19,0.9966,3.39,0.47,9.6
"1224",10.5,0.36,0.47,2.2,0.074,9,23,0.99638,3.23,0.76,12
"1569",7,0.56,0.13,1.6,0.077,25,42,0.99629,3.34,0.59,9.2
"201",9.6,0.32,0.47,1.4,0.056,9,24,0.99695,3.22,0.82,10.3
"958",9.5,0.37,0.52,2,0.088,12,51,0.99613,3.29,0.58,11.1
"1108",9.1,0.3,0.41,2,0.068,10,24,0.99523,3.27,0.85,11.7
"962",7.1,0.56,0.14,1.6,0.078,7,18,0.99592,3.27,0.62,9.3
"361",8.2,0.7,0.23,2,0.099,14,81,0.9973,3.19,0.7,9.4
"762",9.3,0.655,0.26,2,0.096,5,35,0.99738,3.25,0.42,9.6
"764",9.3,0.655,0.26,2,0.096,5,35,0.99738,3.25,0.42,9.6
"472",9.6,0.54,0.42,2.4,0.081,25,52,0.997,3.2,0.71,11.4
"1303",9.1,0.37,0.32,2.1,0.064,4,15,0.99576,3.3,0.8,11.2
"1129",10,0.43,0.33,2.7,0.095,28,89,0.9984,3.22,0.68,10
"720",7.1,0.66,0,3.9,0.086,17,45,0.9976,3.46,0.54,9.5
"870",7.6,0.63,0.03,2,0.08,27,43,0.99578,3.44,0.64,10.9
"860",6.8,0.56,0.22,1.8,0.074,15,24,0.99438,3.4,0.82,11.2
"869",6.8,0.56,0.22,1.8,0.074,15,24,0.99438,3.4,0.82,11.2
"836",7.6,0.665,0.1,1.5,0.066,27,55,0.99655,3.39,0.51,9.3
"1012",8.9,0.32,0.31,2,0.088,12,19,0.9957,3.17,0.55,10.4
"1032",7.3,0.55,0.01,1.8,0.093,9,15,0.99514,3.35,0.58,11
"27",7.6,0.41,0.24,1.8,0.08,4,11,0.9962,3.28,0.59,9.5
"1005",8.2,0.43,0.29,1.6,0.081,27,45,0.99603,3.25,0.54,10.3
"389",7.8,0.46,0.26,1.9,0.088,23,53,0.9981,3.43,0.74,9.2
"124",8,0.71,0,2.6,0.08,11,34,0.9976,3.44,0.53,9.5
"32",6.9,0.685,0,2.5,0.105,22,37,0.9966,3.46,0.57,10.6
"477",9.3,0.27,0.41,2,0.091,6,16,0.998,3.28,0.7,9.7
"137",8.3,0.715,0.15,1.8,0.089,10,52,0.9968,3.23,0.77,9.5
"142",8.3,0.715,0.15,1.8,0.089,10,52,0.9968,3.23,0.77,9.5
"172",8,0.42,0.17,2,0.073,6,18,0.9972,3.29,0.61,9.2
"173",8,0.42,0.17,2,0.073,6,18,0.9972,3.29,0.61,9.2
"97",6.8,0.775,0,3,0.102,8,23,0.9965,3.45,0.56,10.7
"497",7.8,0.52,0.25,1.9,0.081,14,38,0.9984,3.43,0.65,9
"501",7.8,0.52,0.25,1.9,0.081,14,38,0.9984,3.43,0.65,9
"1130",10.5,0.43,0.35,3.3,0.092,24,70,0.99798,3.21,0.69,10.5
"1347",6.1,0.59,0.01,2.1,0.056,5,13,0.99472,3.52,0.56,11.4
"1459",8.4,0.29,0.4,1.7,0.067,8,20,0.99603,3.39,0.6,10.5
"1498",6.9,0.74,0.03,2.3,0.054,7,16,0.99508,3.45,0.63,11.5
"1500",6.9,0.74,0.03,2.3,0.054,7,16,0.99508,3.45,0.63,11.5
"1554",7.3,0.735,0,2.2,0.08,18,28,0.99765,3.41,0.6,9.4
"986",7.4,0.58,0,2,0.064,7,11,0.99562,3.45,0.58,11.3
"1276",8,0.715,0.22,2.3,0.075,13,81,0.99688,3.24,0.54,9.5
"1279",8,0.715,0.22,2.3,0.075,13,81,0.99688,3.24,0.54,9.5
"573",10.2,0.24,0.49,2.4,0.075,10,28,0.9978,3.14,0.61,10.4
"614",8.2,0.39,0.38,1.5,0.058,10,29,0.9962,3.26,0.74,9.8
"1572",6.4,0.38,0.14,2.2,0.038,15,25,0.99514,3.44,0.65,11.1
"1294",7.5,0.755,0,1.9,0.084,6,12,0.99672,3.34,0.49,9.7
"261",7.9,0.33,0.23,1.7,0.077,18,45,0.99625,3.29,0.65,9.3
"159",7.1,0.68,0,2.2,0.073,12,22,0.9969,3.48,0.5,9.3
"716",7.2,0.49,0.18,2.7,0.069,13,34,0.9967,3.29,0.48,9.2
"916",8.6,0.315,0.4,2.2,0.079,3,6,0.99512,3.27,0.67,11.9
"214",8.2,0.57,0.26,2.2,0.06,28,65,0.9959,3.3,0.43,10.1
"623",10,0.58,0.22,1.9,0.08,9,32,0.9974,3.13,0.55,9.5
"703",7,0.64,0.02,2.1,0.067,9,23,0.997,3.47,0.67,9.4
"797",8.7,0.46,0.31,2.5,0.126,24,64,0.99746,3.1,0.74,9.6
"387",7.8,0.54,0.26,2,0.088,23,48,0.9981,3.41,0.74,9.2
"663",7.2,0.57,0.06,1.6,0.076,9,27,0.9972,3.36,0.7,9.6
"867",6.8,0.49,0.22,2.3,0.071,13,24,0.99438,3.41,0.83,11.3
"766",9.2,0.67,0.1,3,0.091,12,48,0.99888,3.31,0.54,9.5
"1242",9.8,0.37,0.39,2.5,0.079,28,65,0.99729,3.16,0.59,9.8
"1063",8,0.38,0.44,1.9,0.098,6,15,0.9956,3.3,0.64,11.4
"458",9.2,0.63,0.21,2.7,0.097,29,65,0.9988,3.28,0.58,9.6
"413",7.1,0.735,0.16,1.9,0.1,15,77,0.9966,3.27,0.64,9.3
"1172",7.1,0.59,0,2.2,0.078,26,44,0.99522,3.42,0.68,10.8
"412",9.1,0.45,0.35,2.4,0.08,23,78,0.9987,3.38,0.62,9.5
"697",7,0.65,0.02,2.1,0.066,8,25,0.9972,3.47,0.67,9.5
"698",7,0.65,0.02,2.1,0.066,8,25,0.9972,3.47,0.67,9.5
"702",7,0.65,0.02,2.1,0.066,8,25,0.9972,3.47,0.67,9.5
"385",7.7,0.51,0.28,2.1,0.087,23,54,0.998,3.42,0.74,9.2
"1315",7,0.36,0.21,2.4,0.086,24,69,0.99556,3.4,0.53,10.1
"1527",6.8,0.47,0.08,2.2,0.064,18,38,0.99553,3.3,0.65,9.6
"794",7.7,0.6,0,2.6,0.055,7,13,0.99639,3.38,0.56,10.8
"1023",7,0.51,0.09,2.1,0.062,4,9,0.99584,3.35,0.54,10.5
"928",8.4,0.67,0.19,2.2,0.093,11,75,0.99736,3.2,0.59,9.2
"323",7.8,0.62,0.05,2.3,0.079,6,18,0.99735,3.29,0.63,9.3
"770",7.9,0.72,0.01,1.9,0.076,7,32,0.99668,3.39,0.54,9.6
"1135",8.5,0.28,0.35,1.7,0.061,6,15,0.99524,3.3,0.74,11.8
"134",6.6,0.5,0.01,1.5,0.06,17,26,0.9952,3.4,0.58,9.8
"362",8.6,0.45,0.31,2.6,0.086,21,50,0.9982,3.37,0.91,9.9
"710",9.7,0.31,0.47,1.6,0.062,13,33,0.9983,3.27,0.66,10
"682",8,0.45,0.23,2.2,0.094,16,29,0.9962,3.21,0.49,10.2
"1367",7.3,0.74,0.08,1.7,0.094,10,45,0.99576,3.24,0.5,9.8
"1116",7,0.69,0.07,2.5,0.091,15,21,0.99572,3.38,0.6,11.3
"1117",7,0.69,0.07,2.5,0.091,15,21,0.99572,3.38,0.6,11.3
"1118",7,0.69,0.07,2.5,0.091,15,21,0.99572,3.38,0.6,11.3
"1316",7.5,0.63,0.27,2,0.083,17,91,0.99616,3.26,0.58,9.8
"1319",7.5,0.63,0.27,2,0.083,17,91,0.99616,3.26,0.58,9.8
"283",7.6,0.52,0.12,3,0.067,12,53,0.9971,3.36,0.57,9.1
"1137",10.4,0.52,0.45,2,0.08,6,13,0.99774,3.22,0.76,11.4
"1138",10.4,0.52,0.45,2,0.08,6,13,0.99774,3.22,0.76,11.4
"575",10.6,0.34,0.49,3.2,0.078,20,78,0.9992,3.19,0.7,10
"264",7.9,0.37,0.23,1.8,0.077,23,49,0.9963,3.28,0.67,9.3
"1334",9.1,0.775,0.22,2.2,0.079,12,48,0.9976,3.18,0.51,9.6
"1014",7.5,0.71,0,1.6,0.092,22,31,0.99635,3.38,0.58,10
"919",8.4,0.36,0.32,2.2,0.081,32,79,0.9964,3.3,0.72,11
"922",8.4,0.36,0.32,2.2,0.081,32,79,0.9964,3.3,0.72,11
"707",7,0.78,0.08,2,0.093,10,19,0.9956,3.4,0.47,10
"11",6.7,0.58,0.08,1.8,0.097,15,65,0.9959,3.28,0.54,9.2
"647",7.3,0.67,0.05,3.6,0.107,6,20,0.9972,3.4,0.63,10.1
"1292",8.2,0.635,0.1,2.1,0.073,25,60,0.99638,3.29,0.75,10.9
"1295",8.2,0.635,0.1,2.1,0.073,25,60,0.99638,3.29,0.75,10.9
"896",7.1,0.59,0.01,2.3,0.08,27,43,0.9955,3.42,0.58,10.7
"898",7.1,0.59,0.01,2.3,0.08,27,43,0.9955,3.42,0.58,10.7
"513",10.7,0.4,0.48,2.1,0.125,15,49,0.998,3.03,0.81,9.7
"1212",6.6,0.44,0.15,2.1,0.076,22,53,0.9957,3.32,0.62,9.3
"1340",7.5,0.51,0.02,1.7,0.084,13,31,0.99538,3.36,0.54,10.5
"1341",7.5,0.51,0.02,1.7,0.084,13,31,0.99538,3.36,0.54,10.5
"1342",7.5,0.51,0.02,1.7,0.084,13,31,0.99538,3.36,0.54,10.5
"1344",7.5,0.51,0.02,1.7,0.084,13,31,0.99538,3.36,0.54,10.5
"1512",7.1,0.69,0.04,2.1,0.068,19,27,0.99712,3.44,0.67,9.8
"1161",10.6,0.36,0.57,2.3,0.087,6,20,0.99676,3.14,0.72,11.1
"252",7.1,0.6,0,1.8,0.074,16,34,0.9972,3.47,0.7,9.9
"255",7.1,0.6,0,1.8,0.074,16,34,0.9972,3.47,0.7,9.9
"842",6.6,0.66,0,3,0.115,21,31,0.99629,3.45,0.63,10.3
"1432",7.6,0.43,0.31,2.1,0.069,13,74,0.9958,3.26,0.54,9.9
"233",8.5,0.37,0.2,2.8,0.09,18,58,0.998,3.34,0.7,9.6
"1318",9.9,0.44,0.46,2.2,0.091,10,41,0.99638,3.18,0.69,11.9
"687",7.1,0.65,0.18,1.8,0.07,13,40,0.997,3.44,0.6,9.1
"1579",6.8,0.67,0.15,1.8,0.118,13,20,0.9954,3.42,0.67,11.3
"7",7.9,0.6,0.06,1.6,0.069,15,59,0.9964,3.3,0.46,9.4
"876",8.8,0.31,0.4,2.8,0.109,7,16,0.99614,3.31,0.79,11.8
"1048",7.1,0.43,0.17,1.8,0.082,27,51,0.99634,3.49,0.64,10.4
"1051",7.1,0.43,0.17,1.8,0.082,27,51,0.99634,3.49,0.64,10.4
"1140",8.2,0.51,0.24,2,0.079,16,86,0.99764,3.34,0.64,9.5
"30",7.8,0.645,0,2,0.082,8,16,0.9964,3.38,0.59,9.8
"973",10.1,0.38,0.5,2.4,0.104,6,13,0.99643,3.22,0.65,11.6
"678",8.6,0.8,0.11,2.3,0.084,12,31,0.9979,3.4,0.48,9.9
"586",7.6,0.51,0.24,2.4,0.091,8,38,0.998,3.47,0.66,9.6
"1343",7.6,0.54,0.02,1.7,0.085,17,31,0.99589,3.37,0.51,10.4
"1588",5.8,0.61,0.11,1.8,0.066,18,28,0.99483,3.55,0.66,10.9
"1314",7,0.36,0.21,2.3,0.086,20,65,0.99558,3.4,0.54,10.1
"848",7.4,0.68,0.16,1.8,0.078,12,39,0.9977,3.5,0.7,9.9
"249",7.7,0.53,0.06,1.7,0.074,9,39,0.99615,3.35,0.48,9.8
"709",7.8,0.545,0.12,2.5,0.068,11,35,0.996,3.34,0.61,11.6
"553",9.5,0.46,0.24,2.7,0.092,14,44,0.998,3.12,0.74,10
"1308",6.8,0.68,0.09,3.9,0.068,15,29,0.99524,3.41,0.52,11.1
"1025",7.7,0.58,0.01,1.8,0.088,12,18,0.99568,3.32,0.56,10.5
"1030",7.7,0.58,0.01,1.8,0.088,12,18,0.99568,3.32,0.56,10.5
"25",6.9,0.4,0.14,2.4,0.085,21,40,0.9968,3.43,0.63,9.7
"236",7.2,0.63,0,1.9,0.097,14,38,0.99675,3.37,0.58,9
"237",7.2,0.63,0,1.9,0.097,14,38,0.99675,3.37,0.58,9
"239",7.2,0.63,0,1.9,0.097,14,38,0.99675,3.37,0.58,9
"858",8.2,0.26,0.34,2.5,0.073,16,47,0.99594,3.4,0.78,11.3
"826",7.1,0.46,0.14,2.8,0.076,15,37,0.99624,3.36,0.49,10.7
"828",7.1,0.46,0.14,2.8,0.076,15,37,0.99624,3.36,0.49,10.7
"932",7.4,0.61,0.01,2,0.074,13,38,0.99748,3.48,0.65,9.8
"934",7.4,0.61,0.01,2,0.074,13,38,0.99748,3.48,0.65,9.8
"1330",7.4,0.6,0.26,2.1,0.083,17,91,0.99616,3.29,0.56,9.8
"1331",7.4,0.6,0.26,2.1,0.083,17,91,0.99616,3.29,0.56,9.8
"1329",6.5,0.52,0.11,1.8,0.073,13,38,0.9955,3.34,0.52,9.3
"765",9.1,0.68,0.11,2.8,0.093,11,44,0.99888,3.31,0.55,9.5
"1074",8,0.62,0.33,2.7,0.088,16,37,0.9972,3.31,0.58,10.7
"386",7.4,0.63,0.07,2.4,0.09,11,37,0.9979,3.43,0.76,9.7
"630",7.6,0.685,0.23,2.3,0.111,20,84,0.9964,3.21,0.61,9.3
"1036",10.1,0.37,0.34,2.4,0.085,5,17,0.99683,3.17,0.65,10.6
"1581",7.4,0.35,0.33,2.4,0.068,9,26,0.9947,3.36,0.6,11.9
"496",10.7,0.35,0.53,2.6,0.07,5,16,0.9972,3.15,0.65,11
"499",10.7,0.35,0.53,2.6,0.07,5,16,0.9972,3.15,0.65,11
"1396",8.6,0.685,0.1,1.6,0.092,3,12,0.99745,3.31,0.65,9.55
"1528",7.1,0.53,0.07,1.7,0.071,15,24,0.9951,3.29,0.66,10.8
"1400",7.2,0.67,0,2.2,0.068,10,24,0.9956,3.42,0.72,11.1
"1397",8.7,0.675,0.1,1.6,0.09,4,11,0.99745,3.31,0.65,9.55
"1487",6.8,0.68,0.21,2.1,0.07,9,23,0.99546,3.38,0.6,10.3
"1379",7.2,0.45,0.15,2,0.078,10,28,0.99609,3.29,0.51,9.9
"9",7.8,0.58,0.02,2,0.073,9,18,0.9968,3.36,0.57,9.5
"886",8.9,0.75,0.14,2.5,0.086,9,30,0.99824,3.34,0.64,10.5
"1362",8.3,0.85,0.14,2.5,0.093,13,54,0.99724,3.36,0.54,10.1
"1092",7.9,0.34,0.42,2,0.086,8,19,0.99546,3.35,0.6,11.4
"1526",6.7,0.48,0.08,2.1,0.064,18,34,0.99552,3.33,0.64,9.7
"1197",7.9,0.58,0.23,2.3,0.076,23,94,0.99686,3.21,0.58,9.5
"1200",7.9,0.58,0.23,2.3,0.076,23,94,0.99686,3.21,0.58,9.5
"315",7.4,0.36,0.29,2.6,0.087,26,72,0.99645,3.39,0.68,11
"1350",6.9,0.57,0,2.8,0.081,21,41,0.99518,3.41,0.52,10.8
"453",6.8,0.56,0.03,1.7,0.084,18,35,0.9968,3.44,0.63,10
"462",8.3,0.615,0.22,2.6,0.087,6,19,0.9982,3.26,0.61,9.3
"219",7.5,0.49,0.19,1.9,0.076,10,44,0.9957,3.39,0.54,9.7
"1153",8.3,0.6,0.25,2.2,0.118,9,38,0.99616,3.15,0.53,9.8
"1156",8.3,0.6,0.25,2.2,0.118,9,38,0.99616,3.15,0.53,9.8
"1249",6.9,0.41,0.33,2.2,0.081,22,36,0.9949,3.41,0.75,11.1
"1250",7.1,0.6,0.01,2.3,0.079,24,37,0.99514,3.4,0.61,10.9
"1251",7.1,0.6,0.01,2.3,0.079,24,37,0.99514,3.4,0.61,10.9
"1474",6.1,0.6,0.08,1.8,0.071,14,45,0.99336,3.38,0.54,11
"1524",6.8,0.48,0.25,2,0.076,29,61,0.9953,3.34,0.6,10.4
"831",7.5,0.685,0.07,2.5,0.058,5,9,0.99632,3.38,0.55,10.9
"1422",7.5,0.4,0.18,1.6,0.079,24,58,0.9965,3.34,0.58,9.4
"1531",6.6,0.44,0.09,2.2,0.063,9,18,0.99444,3.42,0.69,11.3
"1184",6.8,0.66,0.07,1.6,0.07,16,61,0.99572,3.29,0.6,9.3
"448",9.3,0.48,0.29,2.1,0.127,6,16,0.9968,3.22,0.72,11.2
"1563",7.2,0.695,0.13,2,0.076,12,20,0.99546,3.29,0.54,10.1
"1564",7.2,0.695,0.13,2,0.076,12,20,0.99546,3.29,0.54,10.1
"1565",7.2,0.695,0.13,2,0.076,12,20,0.99546,3.29,0.54,10.1
"1568",7.2,0.695,0.13,2,0.076,12,20,0.99546,3.29,0.54,10.1
"953",8.2,0.31,0.4,2.2,0.058,6,10,0.99536,3.31,0.68,11.2
"804",7.7,0.56,0.08,2.5,0.114,14,46,0.9971,3.24,0.66,9.6
"1001",7.5,0.43,0.3,2.2,0.062,6,12,0.99495,3.44,0.72,11.5
"606",8.3,0.6,0.13,2.6,0.085,6,24,0.9984,3.31,0.59,9.2
"1428",7.6,0.41,0.33,2.5,0.078,6,23,0.9957,3.3,0.58,11.2
"316",7.1,0.35,0.29,2.5,0.096,20,53,0.9962,3.42,0.65,11
"38",8.1,0.38,0.28,2.1,0.066,13,30,0.9968,3.23,0.73,9.7
"1103",6.1,0.48,0.09,1.7,0.078,18,30,0.99402,3.45,0.54,11.2
"31",6.7,0.675,0.07,2.4,0.089,17,82,0.9958,3.35,0.54,10.1
"444",10,0.44,0.49,2.7,0.077,11,19,0.9963,3.23,0.63,11.6
"427",6.4,0.67,0.08,2.1,0.045,19,48,0.9949,3.49,0.49,11.4
"1035",8.9,0.745,0.18,2.5,0.077,15,48,0.99739,3.2,0.47,9.7
"224",8.6,0.645,0.25,2,0.083,8,28,0.99815,3.28,0.6,10
"3",7.8,0.76,0.04,2.3,0.092,15,54,0.997,3.26,0.65,9.8
"180",8.8,0.61,0.14,2.4,0.067,10,42,0.9969,3.19,0.59,9.5
"181",8.8,0.61,0.14,2.4,0.067,10,42,0.9969,3.19,0.59,9.5
"104",8.1,0.575,0.22,2.1,0.077,12,65,0.9967,3.29,0.51,9.2
"106",8.1,0.575,0.22,2.1,0.077,12,65,0.9967,3.29,0.51,9.2
"1214",9.6,0.38,0.42,1.9,0.071,5,13,0.99659,3.15,0.75,10.5
"633",7.6,0.41,0.14,3,0.087,21,43,0.9964,3.32,0.57,10.5
"599",8.5,0.585,0.18,2.1,0.078,5,30,0.9967,3.2,0.48,9.8
"613",7.5,0.64,0,2.4,0.077,18,29,0.9965,3.32,0.6,10
"1211",6.8,0.65,0.02,2.1,0.078,8,15,0.99498,3.35,0.62,10.4
"1213",6.8,0.65,0.02,2.1,0.078,8,15,0.99498,3.35,0.62,10.4
"1149",7.8,0.39,0.42,2,0.086,9,21,0.99526,3.39,0.66,11.6
"1355",7.2,0.58,0.03,2.3,0.077,7,28,0.99568,3.35,0.52,10
"225",8.4,0.635,0.36,2,0.089,15,55,0.99745,3.31,0.57,10.4
"29",7.1,0.71,0,1.9,0.08,14,35,0.9972,3.47,0.55,9.4
"1380",7.5,0.57,0.02,2.6,0.077,11,35,0.99557,3.36,0.62,10.8
"1381",7.5,0.57,0.02,2.6,0.077,11,35,0.99557,3.36,0.62,10.8
"1102",7.4,0.49,0.27,2.1,0.071,14,25,0.99388,3.35,0.63,12
"1104",7.4,0.49,0.27,2.1,0.071,14,25,0.99388,3.35,0.63,12
"595",7.9,0.72,0.17,2.6,0.096,20,38,0.9978,3.4,0.53,9.5
"821",7,0.685,0,1.9,0.099,9,22,0.99606,3.34,0.6,9.7
"1306",7.5,0.61,0.26,1.9,0.073,24,88,0.99612,3.3,0.53,9.8
"1311",7.5,0.61,0.26,1.9,0.073,24,88,0.99612,3.3,0.53,9.8
"676",9.3,0.41,0.39,2.2,0.064,12,31,0.9984,3.26,0.65,10.2
"1010",9.6,0.5,0.36,2.8,0.116,26,55,0.99722,3.18,0.68,10.9
"163",7.8,0.53,0.04,1.7,0.076,17,31,0.9964,3.33,0.56,10
"1203",8.6,0.42,0.39,1.8,0.068,6,12,0.99516,3.35,0.69,11.7
"1040",8.9,0.5,0.21,2.2,0.088,21,39,0.99692,3.33,0.83,11.1
"1043",8.9,0.5,0.21,2.2,0.088,21,39,0.99692,3.33,0.83,11.1
"238",7.2,0.645,0,1.9,0.097,15,39,0.99675,3.37,0.58,9.2
"1255",7.8,0.7,0.06,1.9,0.079,20,35,0.99628,3.4,0.69,10.9
"1171",9.2,0.36,0.34,1.6,0.062,5,12,0.99667,3.2,0.67,10.5
"212",8,0.725,0.24,2.8,0.083,10,62,0.99685,3.35,0.56,10
"1020",7,0.5,0.14,1.8,0.078,10,23,0.99636,3.53,0.61,10.4
"970",6.7,0.56,0.09,2.9,0.079,7,22,0.99669,3.46,0.61,10.2
"1520",6.6,0.7,0.08,2.6,0.106,14,27,0.99665,3.44,0.58,10.2
"779",8.3,0.43,0.3,3.4,0.079,7,34,0.99788,3.36,0.61,10.5
"1464",6.9,0.63,0.01,2.4,0.076,14,39,0.99522,3.34,0.53,10.8
"183",7.2,0.73,0.02,2.5,0.076,16,42,0.9972,3.44,0.52,9.3
"429",9.1,0.52,0.33,1.3,0.07,9,30,0.9978,3.24,0.6,9.3
"118",7.8,0.56,0.12,2,0.082,7,28,0.997,3.37,0.5,9.4
"301",7.5,0.53,0.06,2.6,0.086,20,44,0.9965,3.38,0.59,10.7
"407",9.8,0.44,0.47,2.5,0.063,9,28,0.9981,3.24,0.65,10.8
"274",8.4,0.715,0.2,2.4,0.076,10,38,0.99735,3.31,0.64,9.4
"1142",8.2,0.38,0.32,2.5,0.08,24,71,0.99624,3.27,0.85,11
"88",7.7,0.49,0.26,1.9,0.062,9,31,0.9966,3.39,0.64,9.6
"94",7.7,0.49,0.26,1.9,0.062,9,31,0.9966,3.39,0.64,9.6
"169",6.8,0.63,0.07,2.1,0.089,11,44,0.9953,3.47,0.55,10.4
"753",7.6,0.54,0.13,2.5,0.097,24,66,0.99785,3.39,0.61,9.4
"960",8,0.59,0.05,2,0.089,12,32,0.99735,3.36,0.61,10
"1093",7,0.54,0.09,2,0.081,10,16,0.99479,3.43,0.59,11.5
"1387",7.4,0.64,0.07,1.8,0.1,8,23,0.9961,3.3,0.58,9.6
"1388",7.4,0.64,0.07,1.8,0.1,8,23,0.9961,3.3,0.58,9.6
"188",7.7,0.705,0.1,2.6,0.084,9,26,0.9976,3.39,0.49,9.7
"1547",7,0.57,0.02,2,0.072,17,26,0.99575,3.36,0.61,10.2
"1486",7,0.655,0.16,2.1,0.074,8,25,0.99606,3.37,0.55,9.7
"726",9,0.66,0.17,3,0.077,5,13,0.9976,3.29,0.55,10.4
"1170",7.6,0.5,0.29,2.3,0.086,5,14,0.99502,3.32,0.62,11.5
"1230",7.6,0.43,0.29,2.1,0.075,19,66,0.99718,3.4,0.64,9.5
"1233",7.6,0.43,0.29,2.1,0.075,19,66,0.99718,3.4,0.64,9.5
"74",8.3,0.675,0.26,2.1,0.084,11,43,0.9976,3.31,0.53,9.2
"1535",6.6,0.56,0.14,2.4,0.064,13,29,0.99397,3.42,0.62,11.7
"552",9.4,0.43,0.24,2.8,0.092,14,45,0.998,3.19,0.73,10
"1570",6.2,0.51,0.14,1.9,0.056,15,34,0.99396,3.48,0.57,11.5
"67",7.5,0.52,0.11,1.5,0.079,11,39,0.9968,3.42,0.58,9.6
"490",9.3,0.39,0.4,2.6,0.073,10,26,0.9984,3.34,0.75,10.2
"921",9.6,0.41,0.37,2.3,0.091,10,23,0.99786,3.24,0.56,10.5
"1252",7.5,0.58,0.14,2.2,0.077,27,60,0.9963,3.28,0.59,9.8
"197",7.3,0.58,0.3,2.4,0.074,15,55,0.9968,3.46,0.59,10.2
"1042",6.9,0.49,0.19,1.7,0.079,13,26,0.99547,3.38,0.64,9.8
"1281",7.1,0.46,0.2,1.9,0.077,28,54,0.9956,3.37,0.64,10.4
"1282",7.1,0.46,0.2,1.9,0.077,28,54,0.9956,3.37,0.64,10.4
"1180",8.2,0.35,0.33,2.4,0.076,11,47,0.99599,3.27,0.81,11
"1181",8.2,0.35,0.33,2.4,0.076,11,47,0.99599,3.27,0.81,11
"751",8.3,0.65,0.1,2.9,0.089,17,40,0.99803,3.29,0.55,9.5
"752",8.3,0.65,0.1,2.9,0.089,17,40,0.99803,3.29,0.55,9.5
"754",8.3,0.65,0.1,2.9,0.089,17,40,0.99803,3.29,0.55,9.5
"1049",9.3,0.49,0.36,1.7,0.081,3,14,0.99702,3.27,0.78,10.9
"390",9.6,0.38,0.31,2.5,0.096,16,49,0.9982,3.19,0.7,10
"100",8.1,0.545,0.18,1.9,0.08,13,35,0.9972,3.3,0.59,9
"103",8.1,0.545,0.18,1.9,0.08,13,35,0.9972,3.3,0.59,9
"449",8.6,0.53,0.22,2,0.1,7,27,0.9967,3.2,0.56,10.2
"42",8.8,0.61,0.3,2.8,0.088,17,46,0.9976,3.26,0.51,9.3
"71",7.7,0.63,0.08,1.9,0.076,15,27,0.9967,3.32,0.54,9.5
"194",7.6,0.55,0.21,2.2,0.071,7,28,0.9964,3.28,0.55,9.7
"195",7.6,0.55,0.21,2.2,0.071,7,28,0.9964,3.28,0.55,9.7
"226",7.7,0.43,0.25,2.6,0.073,29,63,0.99615,3.37,0.58,10.5
"229",7.7,0.43,0.25,2.6,0.073,29,63,0.99615,3.37,0.58,10.5
"1361",9.2,0.54,0.31,2.3,0.112,11,38,0.99699,3.24,0.56,10.9
"1556",7,0.56,0.17,1.7,0.065,15,24,0.99514,3.44,0.68,10.55
"1399",7,0.6,0.12,2.2,0.083,13,28,0.9966,3.52,0.62,10.2
"805",8.4,0.52,0.22,2.7,0.084,4,18,0.99682,3.26,0.57,9.9
"1325",6.7,0.46,0.24,1.7,0.077,18,34,0.9948,3.39,0.6,10.6
"1326",6.7,0.46,0.24,1.7,0.077,18,34,0.9948,3.39,0.6,10.6
"1327",6.7,0.46,0.24,1.7,0.077,18,34,0.9948,3.39,0.6,10.6
"1328",6.7,0.46,0.24,1.7,0.077,18,34,0.9948,3.39,0.6,10.6
"64",7,0.735,0.05,2,0.081,13,54,0.9966,3.39,0.57,9.8
"1392",8,0.64,0.22,2.4,0.094,5,33,0.99612,3.37,0.58,11
"1160",10.2,0.41,0.43,2.2,0.11,11,37,0.99728,3.16,0.67,10.8
"247",7.1,0.68,0.07,1.9,0.075,16,51,0.99685,3.38,0.52,9.5
"1034",7.5,0.57,0.08,2.6,0.089,14,27,0.99592,3.3,0.59,10.4
"629",8.7,0.54,0.26,2.5,0.097,7,31,0.9976,3.27,0.6,9.3
"631",8.7,0.54,0.26,2.5,0.097,7,31,0.9976,3.27,0.6,9.3
"1285",7,0.42,0.19,2.3,0.071,18,36,0.99476,3.39,0.56,10.9
"981",9.1,0.5,0.3,1.9,0.065,8,17,0.99774,3.32,0.71,10.5
"984",9.1,0.5,0.3,1.9,0.065,8,17,0.99774,3.32,0.71,10.5
"708",7.4,0.49,0.19,3,0.077,16,37,0.9966,3.37,0.51,10.5
"1346",8.2,0.44,0.24,2.3,0.063,10,28,0.99613,3.25,0.53,10.2
"1463",6.8,0.64,0.03,2.3,0.075,14,31,0.99545,3.36,0.58,10.4
"944",9.8,0.5,0.34,2.3,0.094,10,45,0.99864,3.24,0.6,9.7
"996",7.7,0.6,0.06,2,0.079,19,41,0.99697,3.39,0.62,10.1
"1154",9.6,0.42,0.35,2.1,0.083,17,38,0.99622,3.23,0.66,11.1
"1228",9,0.58,0.25,2,0.104,8,21,0.99769,3.27,0.72,9.6
"541",9.2,0.59,0.24,3.3,0.101,20,47,0.9988,3.26,0.67,9.6
"149",6.9,0.49,0.1,2.3,0.074,12,30,0.9959,3.42,0.58,10.2
"117",8.3,0.54,0.28,1.9,0.077,11,40,0.9978,3.39,0.61,10
"1050",9.3,0.5,0.36,1.8,0.084,6,17,0.99704,3.27,0.77,10.8
"1066",7.7,0.61,0.18,2.4,0.083,6,20,0.9963,3.29,0.6,10.2
"1219",8.2,0.4,0.31,1.9,0.082,8,24,0.996,3.24,0.69,10.6
"101",8.3,0.61,0.3,2.1,0.084,11,50,0.9972,3.4,0.61,10.2
"1246",7.4,0.55,0.19,1.8,0.082,15,34,0.99655,3.49,0.68,10.5
"1248",7.4,0.55,0.19,1.8,0.082,15,34,0.99655,3.49,0.68,10.5
"102",7.8,0.5,0.3,1.9,0.075,8,22,0.9959,3.31,0.56,10.4
"943",10.1,0.43,0.4,2.6,0.092,13,52,0.99834,3.22,0.64,10
"1536",7,0.55,0.13,2.2,0.075,15,35,0.9959,3.36,0.59,9.7
"1266",7.2,0.57,0.05,2.3,0.081,16,36,0.99564,3.38,0.6,10.3
"1267",7.2,0.57,0.05,2.3,0.081,16,36,0.99564,3.38,0.6,10.3
"63",7.5,0.52,0.16,1.9,0.085,12,35,0.9968,3.38,0.62,9.5
"1394",8,0.52,0.25,2,0.078,19,59,0.99612,3.3,0.48,10.2
"388",8.3,0.66,0.15,1.9,0.079,17,42,0.9972,3.31,0.54,9.6
"1503",7.3,0.585,0.18,2.4,0.078,15,60,0.99638,3.31,0.54,9.8
"59",7.8,0.59,0.18,2.3,0.076,17,54,0.9975,3.43,0.59,10
"1431",7.4,0.41,0.24,1.8,0.066,18,47,0.9956,3.37,0.62,10.4
"86",6.9,0.55,0.15,2.2,0.076,19,40,0.9961,3.41,0.59,10.1
"1284",8.7,0.63,0.28,2.7,0.096,17,69,0.99734,3.26,0.63,10.2
"649",8.7,0.48,0.3,2.8,0.066,10,28,0.9964,3.33,0.67,11.2
